Response ID,Time Started,Date Submitted,Status,Contact ID,Legacy Comments,Comments,Language,Referer,Extended Referer,SessionID,User Agent,Extended User Agent,Tags,IP Address,Longitude,Latitude,Country,City,State/Region,Postal,Please select your Field Consultant ID. ,Which cohort is this Fellow a member of?,Please select the Cohort 27 Fellow ID that corresponds to the Fellow you observed.,Please enter the school DBN as a letter and 3-digit number (e.g. X232 or K021),K:Please enter the grade level(s) of the observed lesson. Select all that apply. ,1:Please enter the grade level(s) of the observed lesson. Select all that apply. ,2:Please enter the grade level(s) of the observed lesson. Select all that apply. ,3:Please enter the grade level(s) of the observed lesson. Select all that apply. ,4:Please enter the grade level(s) of the observed lesson. Select all that apply. ,5:Please enter the grade level(s) of the observed lesson. Select all that apply. ,6:Please enter the grade level(s) of the observed lesson. Select all that apply. ,7:Please enter the grade level(s) of the observed lesson. Select all that apply. ,8:Please enter the grade level(s) of the observed lesson. Select all that apply. ,9:Please enter the grade level(s) of the observed lesson. Select all that apply. ,10:Please enter the grade level(s) of the observed lesson. Select all that apply. ,11:Please enter the grade level(s) of the observed lesson. Select all that apply. ,12:Please enter the grade level(s) of the observed lesson. Select all that apply. ,"CTT/ICT:If applicable, please identify the Special Education setting of the observed lesson. Select all applicable settings.","Self-contained:If applicable, please identify the Special Education setting of the observed lesson. Select all applicable settings.","SETTS:If applicable, please identify the Special Education setting of the observed lesson. Select all applicable settings.","D75:If applicable, please identify the Special Education setting of the observed lesson. Select all applicable settings.","N/A:If applicable, please identify the Special Education setting of the observed lesson. Select all applicable settings.","What is the Fellow’s assigned university subject area? (Please select the subject they are training in at their university, NOT the subject they are teaching during this observation.)",What was the date of this observation?,1a: :Please record your observation rating for component 1a: Demonstrating Knowledge of Content and Pedagogy.,1c::Please record your observation rating for component 1c: Setting Instructional Outcomes.,1e::Please record your observation rating for component 1e: Designing Coherent Instruction.,Comments for Domain 1,2b: :Please record your observation rating for component 2b: Establishing a Culture for Learning.,2c::Please record your observation rating for component 2c: Managing Classroom Procedures.,2d::Please record your observation rating for component 2d: Managing Student Behavior.,Comments for Domain 2,3b::Please record your observation rating for component 3b: Using Questioning and Discussion Techniques.,3c::Please record your observation rating for component 3c: Engaging Students in Learning.,3d::Please record your observation rating for component 3d: Using Assessment in Instruction.,Comments for Domain 3,4a::Please record your observation rating for component 4a: Reflecting on Teaching.,Comments for Domain 4,How effective do you believe this Fellow is compared to other teachers with similar experience (eg- first year Fellows compared to other first year teachers)?,URL Redirect
3,3/11/2017 10:41,3/11/2017 10:51,Complete,,,,English,https://www.surveygizmo.com/s3/3337097/FDI-2016-17-HC-SPED-R3,https://www.surveygizmo.com/s3/3337097/FDI-2016-17-HC-SPED-R3,1489246827_58c41a6b408e89.71846201,"Mozilla/5.0 (Macintosh; Intel Mac OS X 10_7_5) AppleWebKit/537.36 (KHTML, like Gecko) Chrome/49.0.26","Mozilla/5.0 (Macintosh; Intel Mac OS X 10_7_5) AppleWebKit/537.36 (KHTML, like Gecko) Chrome/49.0.2623.112 Safari/537.36",,98.116.13.7,-73.84459686,40.57490158,United States,Rockaway Park,NY,11694,1935,Cohort 27,50493,18K763,,,,,,,6,,,,,,,CTT/ICT,,,,,Special Education,3/3/2017,Effective+,Effective+,Effective+,"The lessons are aligned with the CCLS and the teacher employs a variety of instructional scaffolds. She has created rigorous, leveled application activities.",Effective+,Highly Effective,Highly Effective,"Teacher has demonstrated major improvements in class routines, and culture for learning.",Effective,Effective+,Effective,Teacher is demonstrating improvements in creating H.O. questions.,Effective+,"Teacher is highly receptive to suggestions for improvements in practice.Specifically, she has employed incentives, and protocols to improve classroom management.",Average,
4,3/11/2017 10:52,3/11/2017 10:59,Complete,,,,English,https://www.surveygizmo.com/s3/3337097/FDI-2016-17-HC-SPED-R3,https://www.surveygizmo.com/s3/3337097/FDI-2016-17-HC-SPED-R3,1489247540_58c41d3475e836.91154398,"Mozilla/5.0 (Macintosh; Intel Mac OS X 10_7_5) AppleWebKit/537.36 (KHTML, like Gecko) Chrome/49.0.26","Mozilla/5.0 (Macintosh; Intel Mac OS X 10_7_5) AppleWebKit/537.36 (KHTML, like Gecko) Chrome/49.0.2623.112 Safari/537.36",,98.116.13.7,-73.84459686,40.57490158,United States,Rockaway Park,NY,11694,1935,Cohort 27,50315,27Q334,,,,,,,,,,,10,,,CTT/ICT,,,,,Special Education,12/16/2016,Effective+,Highly Effective,Highly Effective,"Teacher plans and implements a highly student-centered classroom where there is access for all in an open discussion, rigorous content based learning environment.",Effective+,Effective+,Highly Effective,There is a high level of engagement in the peer research process and as evidenced by the majority of student to student discussion.,Highly Effective,Highly Effective,Effective+,Teacher is planning an implementing H.O.  questions that result in student to student discussion.,Highly Effective,"Teacher is highly receptive to suggestions about his practice. Specifically, he has worked to improve the student-to-student interactions during research activities.",Above Average,
5,3/11/2017 11:04,3/11/2017 11:08,Complete,,,,English,https://www.surveygizmo.com/s3/3337097/FDI-2016-17-HC-SPED-R3,https://www.surveygizmo.com/s3/3337097/FDI-2016-17-HC-SPED-R3,1489248242_58c41ff2e7cfd3.77665074,"Mozilla/5.0 (Macintosh; Intel Mac OS X 10_7_5) AppleWebKit/537.36 (KHTML, like Gecko) Chrome/49.0.26","Mozilla/5.0 (Macintosh; Intel Mac OS X 10_7_5) AppleWebKit/537.36 (KHTML, like Gecko) Chrome/49.0.2623.112 Safari/537.36",,98.116.13.7,-73.84459686,40.57490158,United States,Rockaway Park,NY,11694,1935,Cohort 27,50390,75K140,,,2,,,,,,,,,,,,,,D75,,Special Education - D75,3/6/2017,Effective+,Highly Effective,Highly Effective,Lesson plans and implementation account for adjustments and modifications for individual students.,Highly Effective,Highly Effective,Highly Effective,"Teacher uses songs, motion, incentives, and clear routines and structures which result in all students engaging  and participating.",Effective+,Effective+,Effective+,The teacher carefully tracks and monitors student progress using his own system and the school's formal data system.,Highly Effective,"Teacher is highly receptive to suggestions about his practice. Specifically, he has worked to improve the student-to-student interactions during questioning.",Top 10%,
6,3/11/2017 11:10,3/11/2017 11:13,Complete,,,,English,https://www.surveygizmo.com/s3/3337097/FDI-2016-17-HC-SPED-R3,https://www.surveygizmo.com/s3/3337097/FDI-2016-17-HC-SPED-R3,1489248595_58c421534c93e3.16870702,"Mozilla/5.0 (Macintosh; Intel Mac OS X 10_7_5) AppleWebKit/537.36 (KHTML, like Gecko) Chrome/49.0.26","Mozilla/5.0 (Macintosh; Intel Mac OS X 10_7_5) AppleWebKit/537.36 (KHTML, like Gecko) Chrome/49.0.2623.112 Safari/537.36",,98.116.13.7,-73.84459686,40.57490158,United States,Rockaway Park,NY,11694,1935,Cohort 27,51090,27Q314,,,,,,,,,,,10,,,,Self-contained,,,,Special Education,3/7/2017,Effective+,Effective+,Effective+,"Teacher plans and implements a highly student-centered classroom where there is access for all in an open discussion, rigorous content based learning environment.",Effective,Effective+,Effective,"Teacher has demonstrated major improvements in class routines, and culture for learning.",Effective,Effective,Effective,Teacher is demonstrating improvements in creating H.O. questions.,Highly Effective,"Teacher is highly receptive to suggestions for improvements in practice.Specifically, she has employed incentives, and protocols to improve classroom management.",Above Average,
7,3/11/2017 11:14,3/11/2017 11:18,Complete,,,,English,https://www.surveygizmo.com/s3/3337097/FDI-2016-17-HC-SPED-R3,https://www.surveygizmo.com/s3/3337097/FDI-2016-17-HC-SPED-R3,1489248880_58c42270c65fd0.93488346,"Mozilla/5.0 (Macintosh; Intel Mac OS X 10_7_5) AppleWebKit/537.36 (KHTML, like Gecko) Chrome/49.0.26","Mozilla/5.0 (Macintosh; Intel Mac OS X 10_7_5) AppleWebKit/537.36 (KHTML, like Gecko) Chrome/49.0.2623.112 Safari/537.36",,98.116.13.7,-73.84459686,40.57490158,United States,Rockaway Park,NY,11694,1935,Cohort 27,50383,75Q277,,1,,,,,,,,,,,,,,,D75,,Special Education - D75,3/10/2017,Effective+,Effective+,Effective+,"Teacher plans and implements a highly student-centered classroom where there is access for all in an open discussion, rigorous content based learning environment.",Highly Effective,Highly Effective,Highly Effective,"Teacher uses songs, motion, incentives, and clear routines and structures which result in all students engaging  and participating.",Effective,Effective,Effective+,Teacher is demonstrating improvements in creating H.O. questions.,Highly Effective,"Teacher is highly receptive to feedback and suggestions.Specifically, she is deepening the use of reading in the art classroom.",Top 10%,
8,3/11/2017 11:19,3/11/2017 11:21,Complete,,,,English,https://www.surveygizmo.com/s3/3337097/FDI-2016-17-HC-SPED-R3,https://www.surveygizmo.com/s3/3337097/FDI-2016-17-HC-SPED-R3,1489249152_58c42380337845.60559265,"Mozilla/5.0 (Macintosh; Intel Mac OS X 10_7_5) AppleWebKit/537.36 (KHTML, like Gecko) Chrome/49.0.26","Mozilla/5.0 (Macintosh; Intel Mac OS X 10_7_5) AppleWebKit/537.36 (KHTML, like Gecko) Chrome/49.0.2623.112 Safari/537.36",,98.116.13.7,-73.84459686,40.57490158,United States,Rockaway Park,NY,11694,1935,Cohort 27,50631,75Q256,,1,,,,,,,,,,,,,,,D75,,Special Education - D75,3/8/2017,Effective+,Effective+,Effective+,"Teacher plans and implements a highly student-centered classroom where there is access for all in an open discussion, rigorous content based learning environment.",Effective+,Effective+,Effective+,"Teacher has demonstrated major improvements in class routines, and culture for learning.",Effective,Effective+,Effective,Teacher is demonstrating improvements in creating H.O. questions.,Highly Effective,"Teacher is highly receptive to suggestions for improvements in practice.Specifically, she has employed incentives, and protocols to improve classroom management.",Above Average,
9,3/11/2017 11:23,3/11/2017 11:25,Complete,,,,English,https://www.surveygizmo.com/s3/3337097/FDI-2016-17-HC-SPED-R3,https://www.surveygizmo.com/s3/3337097/FDI-2016-17-HC-SPED-R3,1489249383_58c42467317840.82711678,"Mozilla/5.0 (Macintosh; Intel Mac OS X 10_7_5) AppleWebKit/537.36 (KHTML, like Gecko) Chrome/49.0.26","Mozilla/5.0 (Macintosh; Intel Mac OS X 10_7_5) AppleWebKit/537.36 (KHTML, like Gecko) Chrome/49.0.2623.112 Safari/537.36",,98.116.13.7,-73.84459686,40.57490158,United States,Rockaway Park,NY,11694,1935,Cohort 27,50846,75Q277,,1,,,,,,,,,,,,,,,D75,,Special Education - D75,3/9/2017,Effective+,Effective+,Effective+,"Teacher plans and implements a highly student-centered classroom where there is access for all in an open discussion, rigorous content based learning environment.",Highly Effective,Highly Effective,Highly Effective,"Teacher uses songs, motion, incentives, and clear routines and structures which result in all students engaging  and participating.",Effective,Effective+,Effective,Teacher is demonstrating improvements in creating H.O. questions.,Highly Effective,"Teacher is highly receptive to feedback and suggestions.Specifically, she is deepening the use of reading in the music classroom.",Above Average,
11,3/11/2017 14:37,3/11/2017 14:40,Complete,,,,English,https://www.surveygizmo.com/s3/3337097/FDI-2016-17-HC-SPED-R3,https://www.surveygizmo.com/s3/3337097/FDI-2016-17-HC-SPED-R3,1489261073_58c4521141a4a6.97734780,"Mozilla/5.0 (Macintosh; Intel Mac OS X 10_12_3) AppleWebKit/602.4.8 (KHTML, like Gecko) Version/10.0","Mozilla/5.0 (Macintosh; Intel Mac OS X 10_12_3) AppleWebKit/602.4.8 (KHTML, like Gecko) Version/10.0.3 Safari/602.4.8",,72.89.23.26,-73.86540222,41.01129913,United States,Dobbs Ferry,NY,10522,2033,Cohort 27,50588,X455,,,,,,,,,,9,10,,,,,SETTS,,,Special Education,2/16/2017,Developing+,Developing,Developing,,Effective,Developing+,Developing+,,Developing,Developing,Ineffective,,Developing+,,Average,
12,3/11/2017 14:40,3/11/2017 14:41,Complete,,,,English,https://www.surveygizmo.com/s3/3337097/FDI-2016-17-HC-SPED-R3,https://www.surveygizmo.com/s3/3337097/FDI-2016-17-HC-SPED-R3,1489261206_58c452960e8566.75955369,"Mozilla/5.0 (Macintosh; Intel Mac OS X 10_12_3) AppleWebKit/602.4.8 (KHTML, like Gecko) Version/10.0","Mozilla/5.0 (Macintosh; Intel Mac OS X 10_12_3) AppleWebKit/602.4.8 (KHTML, like Gecko) Version/10.0.3 Safari/602.4.8",,72.89.23.26,-73.86540222,41.01129913,United States,Dobbs Ferry,NY,10522,2033,Cohort 27,51006,X527,,,,,,,,,,9,10,,,CTT/ICT,,,,,Special Education,2/10/2017,Developing+,Developing,Developing+,,Developing+,Developing,Developing,,Developing+,Developing,Developing,,Developing+,,Average,
13,3/11/2017 14:41,3/11/2017 14:42,Complete,,,,English,https://www.surveygizmo.com/s3/3337097/FDI-2016-17-HC-SPED-R3,https://www.surveygizmo.com/s3/3337097/FDI-2016-17-HC-SPED-R3,1489261289_58c452e96fd486.10938025,"Mozilla/5.0 (Macintosh; Intel Mac OS X 10_12_3) AppleWebKit/602.4.8 (KHTML, like Gecko) Version/10.0","Mozilla/5.0 (Macintosh; Intel Mac OS X 10_12_3) AppleWebKit/602.4.8 (KHTML, like Gecko) Version/10.0.3 Safari/602.4.8",,72.89.23.26,-73.86540222,41.01129913,United States,Dobbs Ferry,NY,10522,2033,Cohort 27,50349,X547,,,,,,,,,,,10,,,CTT/ICT,,,,,Special Education,2/10/2017,Developing,Developing,Developing,,Developing+,Developing,Developing+,,Developing,Developing+,Ineffective,,Developing,,Average,
14,3/11/2017 14:42,3/11/2017 14:43,Complete,,,,English,https://www.surveygizmo.com/s3/3337097/FDI-2016-17-HC-SPED-R3,https://www.surveygizmo.com/s3/3337097/FDI-2016-17-HC-SPED-R3,1489261367_58c453372727c5.46228973,"Mozilla/5.0 (Macintosh; Intel Mac OS X 10_12_3) AppleWebKit/602.4.8 (KHTML, like Gecko) Version/10.0","Mozilla/5.0 (Macintosh; Intel Mac OS X 10_12_3) AppleWebKit/602.4.8 (KHTML, like Gecko) Version/10.0.3 Safari/602.4.8",,72.89.23.26,-73.86540222,41.01129913,United States,Dobbs Ferry,NY,10522,2033,Cohort 27,51118,X181,,,,,,,,7,,,,,,CTT/ICT,,,,,Special Education,2/8/2017,Developing,Developing,Developing,,Developing,Developing,Developing,,Developing,Developing,Ineffective,,Developing+,,Average,
15,3/11/2017 14:44,3/11/2017 14:45,Complete,,,,English,https://www.surveygizmo.com/s3/3337097/FDI-2016-17-HC-SPED-R3,https://www.surveygizmo.com/s3/3337097/FDI-2016-17-HC-SPED-R3,1489261441_58c45381083982.33918011,"Mozilla/5.0 (Macintosh; Intel Mac OS X 10_12_3) AppleWebKit/602.4.8 (KHTML, like Gecko) Version/10.0","Mozilla/5.0 (Macintosh; Intel Mac OS X 10_12_3) AppleWebKit/602.4.8 (KHTML, like Gecko) Version/10.0.3 Safari/602.4.8",,72.89.23.26,-73.86540222,41.01129913,United States,Dobbs Ferry,NY,10522,2033,Cohort 27,50727,X455,,,,,,,,,,9,,,,,Self-contained,,,,Special Education,2/14/2017,Developing+,Developing,Developing+,,Developing+,Developing+,Developing,,Developing,Developing+,Developing,,Developing+,,Above Average,
16,3/11/2017 14:45,3/11/2017 14:46,Complete,,,,English,https://www.surveygizmo.com/s3/3337097/FDI-2016-17-HC-SPED-R3,https://www.surveygizmo.com/s3/3337097/FDI-2016-17-HC-SPED-R3,1489261512_58c453c8508ba3.63847981,"Mozilla/5.0 (Macintosh; Intel Mac OS X 10_12_3) AppleWebKit/602.4.8 (KHTML, like Gecko) Version/10.0","Mozilla/5.0 (Macintosh; Intel Mac OS X 10_12_3) AppleWebKit/602.4.8 (KHTML, like Gecko) Version/10.0.3 Safari/602.4.8",,72.89.23.26,-73.86540222,41.01129913,United States,Dobbs Ferry,NY,10522,2033,Cohort 27,50804,X455,,,,,,,,,,9,10,,,,,SETTS,,,Special Education,2/14/2017,Developing,Developing,Ineffective,,Developing,Developing,Developing,,Developing,Developing,Ineffective,,Developing+,,Average,
17,3/12/2017 9:09,3/12/2017 9:19,Complete,,,,English,https://www.surveygizmo.com/s3/3337097/FDI-2016-17-HC-SPED-R3,https://www.surveygizmo.com/s3/3337097/FDI-2016-17-HC-SPED-R3,1489324127_58c5485fe7e8a3.73780729,"Mozilla/5.0 (Macintosh; Intel Mac OS X 10_9_5) AppleWebKit/601.7.8 (KHTML, like Gecko) Version/9.1.3","Mozilla/5.0 (Macintosh; Intel Mac OS X 10_9_5) AppleWebKit/601.7.8 (KHTML, like Gecko) Version/9.1.3 Safari/537.86.7",,67.81.134.127,-73.56999969,41.12670135,United States,Stamford,CT,6903,2039,Cohort 27,50544,x244,,,,,,,6,7,8,,,,,,Self-contained,,,,Special Education,2/1/2017,Effective,Developing+,Effective,The teacher does a good job researching best practices and planning and implementing effective instruction in the subject area observed.,Effective,Effective,Developing,"The teacher manages instructional time well, but is having difficulty implementing successful behavior management techniques since a new student was recently added to her class. Her new student is causing significant disruptions throughout the day and the teacher is working on a behavior plan for that student.",Developing+,Developing+,Developing+,The teacher uses some assessment data to inform instruction and typically asks lower level questions that do not fully challenge students.,Effective,"The teacher is very reflective on her teaching, but continues to learn how to improve instruction as she becomes more familiar with best practices and curriculum in each subject area.",Average,
18,3/12/2017 9:19,3/12/2017 9:26,Complete,,,,English,https://www.surveygizmo.com/s3/3337097/FDI-2016-17-HC-SPED-R3,https://www.surveygizmo.com/s3/3337097/FDI-2016-17-HC-SPED-R3,1489324788_58c54af490ac58.61107362,"Mozilla/5.0 (Macintosh; Intel Mac OS X 10_9_5) AppleWebKit/601.7.8 (KHTML, like Gecko) Version/9.1.3","Mozilla/5.0 (Macintosh; Intel Mac OS X 10_9_5) AppleWebKit/601.7.8 (KHTML, like Gecko) Version/9.1.3 Safari/537.86.7",,67.81.134.127,-73.56999969,41.12670135,United States,Stamford,CT,6903,2039,Cohort 27,50126,x532,,,,,,,,,8,,,,,CTT/ICT,,,,,Special Education,2/1/2017,Developing+,Developing,Developing,"The teacher has adequate knowledge of the subject matter, but relies heavily on her co-teacher's knowledge, activities and lesson plans.",Developing+,Developing+,Developing,"Overall, there is no set behavior management system, which has resulted in inconsistent student behavior and responses to student disruptions.",Developing+,Developing+,Developing,"Students are asked some challenging questions, but little assessment data is being collected and used to inform instruction on a daily basis.",Developing,"The teacher is open to suggestions from the field consultant, but is not effective in coming up with new strategies on her own.",Below Average,
19,3/12/2017 9:27,3/12/2017 9:32,Complete,,,,English,https://www.surveygizmo.com/s3/3337097/FDI-2016-17-HC-SPED-R3,https://www.surveygizmo.com/s3/3337097/FDI-2016-17-HC-SPED-R3,1489325260_58c54ccc859607.66143877,"Mozilla/5.0 (Macintosh; Intel Mac OS X 10_9_5) AppleWebKit/601.7.8 (KHTML, like Gecko) Version/9.1.3","Mozilla/5.0 (Macintosh; Intel Mac OS X 10_9_5) AppleWebKit/601.7.8 (KHTML, like Gecko) Version/9.1.3 Safari/537.86.7",,67.81.134.127,-73.56999969,41.12670135,United States,Stamford,CT,6903,2039,Cohort 27,50399,x329,,,,,,,,,,9,,,,CTT/ICT,,,,,Special Education,3/1/2017,Effective,Effective,Effective,The teacher has good knowledge of subject matters and attempts to teach it in a way that is meaningful and challenging to students.,Developing+,Effective,Effective,"The teacher has established good routines and procedures.  She sets clear expectations, but has some difficulty keeping students motivated to learn.",Effective,Developing+,Developing+,The teacher asks challenging questions that promote students' independent thinking.  She does not yet effectively use assessment data to inform instruction on a consistent basis.,Effective,"The teacher is effective in reflecting on her lessons, but still requires some prompting to come up with new strategies to implement, especially in the area of student engagement and behavior management.",Above Average,
20,3/12/2017 9:33,3/12/2017 9:38,Complete,,,,English,https://www.surveygizmo.com/s3/3337097/FDI-2016-17-HC-SPED-R3,https://www.surveygizmo.com/s3/3337097/FDI-2016-17-HC-SPED-R3,1489325594_58c54e1ab08592.60832489,"Mozilla/5.0 (Macintosh; Intel Mac OS X 10_9_5) AppleWebKit/601.7.8 (KHTML, like Gecko) Version/9.1.3","Mozilla/5.0 (Macintosh; Intel Mac OS X 10_9_5) AppleWebKit/601.7.8 (KHTML, like Gecko) Version/9.1.3 Safari/537.86.7",,67.81.134.127,-73.56999969,41.12670135,United States,Stamford,CT,6903,2039,Cohort 27,51139,x532,,,,,,,,,8,,,,,,Self-contained,,,,Special Education,2/15/2017,Developing+,Developing+,Developing+,"The teacher has adequate content knowledge, but still continues to work on varying instructional techniques and strategies.",Developing+,Developing+,Developing+,"The teacher has established classroom routines and expectations, but is still struggling to keep students motivated to learn and on task.",Developing+,Developing+,Developing+,The teacher continues to ask lower level questions and needs to work on collecting and utilizing assessment data to differentiate instruction.,Effective,"The teacher is able to accurately reflect on her teaching, but still requires some prompting when coming up with suggestions for future lessons.",Average,
21,3/12/2017 9:38,3/12/2017 9:46,Complete,,,,English,https://www.surveygizmo.com/s3/3337097/FDI-2016-17-HC-SPED-R3,https://www.surveygizmo.com/s3/3337097/FDI-2016-17-HC-SPED-R3,1489325905_58c54f5185f388.26839721,"Mozilla/5.0 (Macintosh; Intel Mac OS X 10_9_5) AppleWebKit/601.7.8 (KHTML, like Gecko) Version/9.1.3","Mozilla/5.0 (Macintosh; Intel Mac OS X 10_9_5) AppleWebKit/601.7.8 (KHTML, like Gecko) Version/9.1.3 Safari/537.86.7",,67.81.134.127,-73.56999969,41.12670135,United States,Stamford,CT,6903,2039,Cohort 27,50581,x211,,,,,,,6,7,8,,,,,,Self-contained,,,,Special Education,3/1/2017,Developing,Developing,Ineffective,"The teacher has adequate content knowledge, but is truly struggling to design clear and coherent lessons around the subject matter.",Developing,Developing,Developing,"The teacher has not established strong routines and procedures, which results in a loss of instructional time.  Students are not necessarily disruptive, but the majority of students are not engaged in learning.",Ineffective,Developing,Ineffective,Overall assessment is lacking.  The students are not motivated to learn and the teacher appears to be extremely overwhelmed by all of the requirements of teaching that lead to a successful lesson.,Developing,"The teacher is able to identify a lessons success, but is not able to independently make suggestions on lesson improvement.  She is extremely overwhelmed by all of the requirements of teaching.",Bottom 10%,
22,3/12/2017 16:01,3/12/2017 16:28,Complete,,,,English,https://www.surveygizmo.com/s3/3337097/FDI-2016-17-HC-SPED-R3,https://www.surveygizmo.com/s3/3337097/FDI-2016-17-HC-SPED-R3,1489348886_58c5a916db6976.59711922,"Mozilla/5.0 (Macintosh; Intel Mac OS X 10_10_3) AppleWebKit/600.5.17 (KHTML, like Gecko) Version/8.0","Mozilla/5.0 (Macintosh; Intel Mac OS X 10_10_3) AppleWebKit/600.5.17 (KHTML, like Gecko) Version/8.0.5 Safari/600.5.17",,71.190.32.69,-72.97579956,40.83140182,United States,Medford,NY,11763,1838,Cohort 27,51161,Wings academy X684,,,,,,,,,,9,,,,CTT/ICT,,,,,Special Education,02/28/0017,Developing+,Developing+,Developing+,Ashley is organized and Professional in her chosen Profession.,Developing+,Developing+,Developing+,Ashley is respectful and a good role model for her students. she is working on engagement for her students.,Developing+,Developing+,Developing+,Ashley has developed creative ways to engage students.  she is working on including an accurate assessment for each lesson,Developing+,Ashley is open to Supervision and is dedicated to her chosen profession.  She is a team player and a vital member of the school community.,Above Average,
24,3/12/2017 17:47,3/12/2017 17:51,Complete,,,,English,https://www.surveygizmo.com/s3/3337097/FDI-2016-17-HC-SPED-R3,https://www.surveygizmo.com/s3/3337097/FDI-2016-17-HC-SPED-R3,1489355227_58c5c1db143080.39414149,Mozilla/5.0 (Windows NT 10.0; WOW64; Trident/7.0; MASMJS; rv:11.0) like Gecko,Mozilla/5.0 (Windows NT 10.0; WOW64; Trident/7.0; MASMJS; rv:11.0) like Gecko,,66.65.92.23,-73.98130035,40.77690125,United States,New York,NY,10023,467,Cohort 27,50805,M050,,,,,,,6,,,,,,,,,,,,Special Education,03/02/0017,Effective,Effective,Developing+,,Effective+,Highly Effective,Highly Effective,,Developing+,Effective,Developing+,,Developing+,,Average,
25,3/12/2017 17:51,3/12/2017 17:54,Complete,,,,English,https://www.surveygizmo.com/s3/3337097/FDI-2016-17-HC-SPED-R3,https://www.surveygizmo.com/s3/3337097/FDI-2016-17-HC-SPED-R3,1489355503_58c5c2ef835596.15627445,Mozilla/5.0 (Windows NT 10.0; WOW64; Trident/7.0; MASMJS; rv:11.0) like Gecko,Mozilla/5.0 (Windows NT 10.0; WOW64; Trident/7.0; MASMJS; rv:11.0) like Gecko,,66.65.92.23,-73.98130035,40.77690125,United States,New York,NY,10023,467,Cohort 27,51052,M375,,,2,,,,,,,,,,,CTT/ICT,,,,,Special Education,03/08/0017,Developing+,Developing+,Developing+,,Effective,Developing+,Developing+,,Developing+,Developing+,Developing+,,Developing+,,Below Average,
26,3/12/2017 17:55,3/12/2017 17:57,Complete,,,,English,https://www.surveygizmo.com/s3/3337097/FDI-2016-17-HC-SPED-R3,https://www.surveygizmo.com/s3/3337097/FDI-2016-17-HC-SPED-R3,1489355704_58c5c3b82e0e17.37763580,Mozilla/5.0 (Windows NT 10.0; WOW64; Trident/7.0; MASMJS; rv:11.0) like Gecko,Mozilla/5.0 (Windows NT 10.0; WOW64; Trident/7.0; MASMJS; rv:11.0) like Gecko,,66.65.92.23,-73.98130035,40.77690125,United States,New York,NY,10023,467,Cohort 27,50675,M169,K,1,2,,,,,,,,,,,,,,D75,,Special Education - D75,03/10/0017,Highly Effective,Highly Effective,Effective+,,Effective+,Effective+,Effective+,,Effective,Effective+,Effective,,Effective+,,Above Average,
27,3/13/2017 0:08,3/13/2017 0:20,Complete,,,,English,https://www.surveygizmo.com/s3/3337097/FDI-2016-17-HC-SPED-R3,https://www.surveygizmo.com/s3/3337097/FDI-2016-17-HC-SPED-R3,1489378101_58c61b353882e2.57450727,"Mozilla/5.0 (Macintosh; Intel Mac OS X 10_9_5) AppleWebKit/537.36 (KHTML, like Gecko) Chrome/56.0.29","Mozilla/5.0 (Macintosh; Intel Mac OS X 10_9_5) AppleWebKit/537.36 (KHTML, like Gecko) Chrome/56.0.2924.87 Safari/537.36",,67.82.14.165,-73.83940125,40.86849976,United States,Bronx,NY,10469,2041,Cohort 27,50542,X275,,,,,,,,,,9,,,,CTT/ICT,,,,,Special Education,3/14/2016,Effective+,Effective+,Effective+,,Effective,Developing+,Developing+,,Effective,Effective,Effective,,Effective,,Average,
28,3/13/2017 0:20,3/13/2017 0:23,Complete,,,,English,https://www.surveygizmo.com/s3/3337097/FDI-2016-17-HC-SPED-R3,https://www.surveygizmo.com/s3/3337097/FDI-2016-17-HC-SPED-R3,1489378840_58c61e18d47834.40889803,"Mozilla/5.0 (Macintosh; Intel Mac OS X 10_9_5) AppleWebKit/537.36 (KHTML, like Gecko) Chrome/56.0.29","Mozilla/5.0 (Macintosh; Intel Mac OS X 10_9_5) AppleWebKit/537.36 (KHTML, like Gecko) Chrome/56.0.2924.87 Safari/537.36",,67.82.14.165,-73.83940125,40.86849976,United States,Bronx,NY,10469,2041,Cohort 27,50698,X045,,,,,,,,,8,,,,,CTT/ICT,,,,,English,3/1/2017,Effective+,Effective+,Effective+,,Effective+,Effective+,Effective+,,Effective+,Effective+,Effective+,,Effective+,,Above Average,
29,3/13/2017 0:23,3/13/2017 0:25,Complete,,,,English,https://www.surveygizmo.com/s3/3337097/FDI-2016-17-HC-SPED-R3,https://www.surveygizmo.com/s3/3337097/FDI-2016-17-HC-SPED-R3,1489379004_58c61ebc7bc122.00739107,"Mozilla/5.0 (Macintosh; Intel Mac OS X 10_9_5) AppleWebKit/537.36 (KHTML, like Gecko) Chrome/56.0.29","Mozilla/5.0 (Macintosh; Intel Mac OS X 10_9_5) AppleWebKit/537.36 (KHTML, like Gecko) Chrome/56.0.2924.87 Safari/537.36",,67.82.14.165,-73.83940125,40.86849976,United States,Bronx,NY,10469,2041,Cohort 27,50490,X288,,,,,,,,,,,10,11,,,Self-contained,,,,Special Education,2/13/2017,Effective+,Effective+,Effective+,,Effective+,Effective+,Effective+,,Effective+,Effective+,Effective+,,Effective+,,Above Average,
30,3/13/2017 0:26,3/13/2017 0:30,Complete,,,,English,https://www.surveygizmo.com/s3/3337097/FDI-2016-17-HC-SPED-R3,https://www.surveygizmo.com/s3/3337097/FDI-2016-17-HC-SPED-R3,1489379158_58c61f5663efd2.85658413,"Mozilla/5.0 (Macintosh; Intel Mac OS X 10_9_5) AppleWebKit/537.36 (KHTML, like Gecko) Chrome/56.0.29","Mozilla/5.0 (Macintosh; Intel Mac OS X 10_9_5) AppleWebKit/537.36 (KHTML, like Gecko) Chrome/56.0.2924.87 Safari/537.36",,67.82.14.165,-73.83940125,40.86849976,United States,Bronx,NY,10469,2041,Cohort 27,51046,X551,,,,,,,,,,,,11,12,,Self-contained,,,,Special Education,3/2/2017,Effective+,Effective,Effective+,,Effective+,Effective+,Effective+,Klaijd improved with managing class procedures greatly.,Effective+,Effective+,Effective,,Effective+,,Above Average,
31,3/13/2017 0:30,3/13/2017 0:32,Complete,,,,English,https://www.surveygizmo.com/s3/3337097/FDI-2016-17-HC-SPED-R3,https://www.surveygizmo.com/s3/3337097/FDI-2016-17-HC-SPED-R3,1489379412_58c6205470e1c3.76214949,"Mozilla/5.0 (Macintosh; Intel Mac OS X 10_9_5) AppleWebKit/537.36 (KHTML, like Gecko) Chrome/56.0.29","Mozilla/5.0 (Macintosh; Intel Mac OS X 10_9_5) AppleWebKit/537.36 (KHTML, like Gecko) Chrome/56.0.2924.87 Safari/537.36",,67.82.14.165,-73.83940125,40.86849976,United States,Bronx,NY,10469,2041,Cohort 27,51022,x301,,,,,,,,7,,,,,,,Self-contained,,,,Special Education,2/15/2017,Effective+,Effective,Effective,,Effective,Effective+,Effective+,,Effective,Effective,Developing+,,Effective,,Average,
32,3/13/2017 0:32,3/13/2017 0:37,Complete,,,,English,https://www.surveygizmo.com/s3/3337097/FDI-2016-17-HC-SPED-R3,https://www.surveygizmo.com/s3/3337097/FDI-2016-17-HC-SPED-R3,1489379574_58c620f61b5080.54636387,"Mozilla/5.0 (Macintosh; Intel Mac OS X 10_9_5) AppleWebKit/537.36 (KHTML, like Gecko) Chrome/56.0.29","Mozilla/5.0 (Macintosh; Intel Mac OS X 10_9_5) AppleWebKit/537.36 (KHTML, like Gecko) Chrome/56.0.2924.87 Safari/537.36",,67.82.14.165,-73.83940125,40.86849976,United States,Bronx,NY,10469,2041,Cohort 27,51008,X427,,,,,,,,,,,10,11,,CTT/ICT,,,,,Special Education,2/15/2017,Developing,Developing,Developing,"I need to observe Jennifer actually teaching a class, she currently still exhibits a paraprofessional role.",Developing,Developing,Developing,,Developing,Developing,Developing,,Developing,,Below Average,
33,3/13/2017 0:37,3/13/2017 0:40,Complete,,,,English,https://www.surveygizmo.com/s3/3337097/FDI-2016-17-HC-SPED-R3,https://www.surveygizmo.com/s3/3337097/FDI-2016-17-HC-SPED-R3,1489379857_58c6221164bac4.02279197,"Mozilla/5.0 (Macintosh; Intel Mac OS X 10_9_5) AppleWebKit/537.36 (KHTML, like Gecko) Chrome/56.0.29","Mozilla/5.0 (Macintosh; Intel Mac OS X 10_9_5) AppleWebKit/537.36 (KHTML, like Gecko) Chrome/56.0.2924.87 Safari/537.36",,67.82.14.165,-73.83940125,40.86849976,United States,Bronx,NY,10469,2041,Cohort 27,50476,Q093,,,,,,,,7,,,,,,CTT/ICT,,,,,Special Education,3/3/2017,Effective+,Effective+,Effective+,,Effective+,Effective+,Highly Effective,,Effective+,Effective+,Effective+,,Effective+,,Above Average,
34,3/13/2017 0:40,3/13/2017 0:42,Complete,,,,English,https://www.surveygizmo.com/s3/3337097/FDI-2016-17-HC-SPED-R3,https://www.surveygizmo.com/s3/3337097/FDI-2016-17-HC-SPED-R3,1489380009_58c622a98584b1.51119457,"Mozilla/5.0 (Macintosh; Intel Mac OS X 10_9_5) AppleWebKit/537.36 (KHTML, like Gecko) Chrome/56.0.29","Mozilla/5.0 (Macintosh; Intel Mac OS X 10_9_5) AppleWebKit/537.36 (KHTML, like Gecko) Chrome/56.0.2924.87 Safari/537.36",,67.82.14.165,-73.83940125,40.86849976,United States,Bronx,NY,10469,2041,Cohort 27,50826,X332,,,,,,,,,,,10,11,,,Self-contained,,,,Special Education,2/14/2017,Effective+,Developing+,Developing+,,Developing+,Effective,Effective,,Effective,Effective,Effective,,Effective,,Average,
35,3/13/2017 0:43,3/13/2017 0:45,Complete,,,,English,https://www.surveygizmo.com/s3/3337097/FDI-2016-17-HC-SPED-R3,https://www.surveygizmo.com/s3/3337097/FDI-2016-17-HC-SPED-R3,1489380190_58c6235ef0e032.27385190,"Mozilla/5.0 (Macintosh; Intel Mac OS X 10_9_5) AppleWebKit/537.36 (KHTML, like Gecko) Chrome/56.0.29","Mozilla/5.0 (Macintosh; Intel Mac OS X 10_9_5) AppleWebKit/537.36 (KHTML, like Gecko) Chrome/56.0.2924.87 Safari/537.36",,67.82.14.165,-73.83940125,40.86849976,United States,Bronx,NY,10469,2041,Cohort 27,50061,X045,,,,,,,,7,,,,,,,Self-contained,,,,Special Education,3/1/2017,Developing+,Developing+,Developing,,Developing,Developing+,Developing,,Developing+,Developing,Developing,,Effective,,Below Average,
36,3/13/2017 0:45,3/13/2017 0:48,Complete,,,,English,https://www.surveygizmo.com/s3/3337097/FDI-2016-17-HC-SPED-R3,https://www.surveygizmo.com/s3/3337097/FDI-2016-17-HC-SPED-R3,1489380336_58c623f0a19755.68119996,"Mozilla/5.0 (Macintosh; Intel Mac OS X 10_9_5) AppleWebKit/537.36 (KHTML, like Gecko) Chrome/56.0.29","Mozilla/5.0 (Macintosh; Intel Mac OS X 10_9_5) AppleWebKit/537.36 (KHTML, like Gecko) Chrome/56.0.2924.87 Safari/537.36",,67.82.14.165,-73.83940125,40.86849976,United States,Bronx,NY,10469,2041,Cohort 27,50155,X299,,,,,,,,,,,10,,,CTT/ICT,,,,,Special Education,2/13/2017,Effective+,Effective,Effective,,Effective,Effective,Effective+,,Developing+,Effective,Developing+,,Effective,,Average,
37,3/13/2017 0:48,3/13/2017 0:50,Complete,,,,English,https://www.surveygizmo.com/s3/3337097/FDI-2016-17-HC-SPED-R3,https://www.surveygizmo.com/s3/3337097/FDI-2016-17-HC-SPED-R3,1489380501_58c6249573e970.42290925,"Mozilla/5.0 (Macintosh; Intel Mac OS X 10_9_5) AppleWebKit/537.36 (KHTML, like Gecko) Chrome/56.0.29","Mozilla/5.0 (Macintosh; Intel Mac OS X 10_9_5) AppleWebKit/537.36 (KHTML, like Gecko) Chrome/56.0.2924.87 Safari/537.36",,67.82.14.165,-73.83940125,40.86849976,United States,Bronx,NY,10469,2041,Cohort 27,50211,X010,K,,,,,,,,,,,,,,Self-contained,,D75,,Special Education,3/2/2017,Effective+,Effective+,Effective+,,Effective+,Effective+,Effective+,,Effective+,Effective+,Effective+,,Effective+,,Above Average,
39,3/13/2017 12:50,3/13/2017 12:52,Complete,,,,English,https://www.surveygizmo.com/s3/3337097/FDI-2016-17-HC-SPED-R3,https://www.surveygizmo.com/s3/3337097/FDI-2016-17-HC-SPED-R3,1489423759_58c6cd8f4fb7b8.59892162,"Mozilla/5.0 (Macintosh; Intel Mac OS X 10_12_3) AppleWebKit/602.4.8 (KHTML, like Gecko) Version/10.0","Mozilla/5.0 (Macintosh; Intel Mac OS X 10_12_3) AppleWebKit/602.4.8 (KHTML, like Gecko) Version/10.0.3 Safari/602.4.8",,207.242.131.218,-73.8423996,40.72290039,United States,Forest Hills,NY,11375,1962,Cohort 27,50154,30Q450,,,,,,,,,,,10,11,,CTT/ICT,,,,,Special Education,3/3/2017,Effective,Effective,Effective,,Effective+,Effective,Effective,,Developing+,Developing+,Effective,,Highly Effective,,Average,
40,3/13/2017 12:52,3/13/2017 12:53,Complete,,,,English,https://www.surveygizmo.com/s3/3337097/FDI-2016-17-HC-SPED-R3,https://www.surveygizmo.com/s3/3337097/FDI-2016-17-HC-SPED-R3,1489423933_58c6ce3d6bf0d0.12668240,"Mozilla/5.0 (Macintosh; Intel Mac OS X 10_12_3) AppleWebKit/602.4.8 (KHTML, like Gecko) Version/10.0","Mozilla/5.0 (Macintosh; Intel Mac OS X 10_12_3) AppleWebKit/602.4.8 (KHTML, like Gecko) Version/10.0.3 Safari/602.4.8",,207.242.131.218,-73.8423996,40.72290039,United States,Forest Hills,NY,11375,1962,Cohort 27,50971,30Q126,,,,,,,,7,,,,,,,Self-contained,,,,Special Education,1/27/2017,Effective,Effective,Effective+,,Effective+,Effective,Effective,,Effective,Effective+,Effective+,,Effective+,,Above Average,
41,3/13/2017 12:53,3/13/2017 12:54,Complete,,,,English,https://www.surveygizmo.com/s3/3337097/FDI-2016-17-HC-SPED-R3,https://www.surveygizmo.com/s3/3337097/FDI-2016-17-HC-SPED-R3,1489424016_58c6ce907f8fe5.97459069,"Mozilla/5.0 (Macintosh; Intel Mac OS X 10_12_3) AppleWebKit/602.4.8 (KHTML, like Gecko) Version/10.0","Mozilla/5.0 (Macintosh; Intel Mac OS X 10_12_3) AppleWebKit/602.4.8 (KHTML, like Gecko) Version/10.0.3 Safari/602.4.8",,207.242.131.218,-73.8423996,40.72290039,United States,Forest Hills,NY,11375,1962,Cohort 27,51093,30Q204,,,,,,,,7,,,,,,CTT/ICT,,,,,Special Education,3/3/2017,Effective+,Effective+,Effective+,,Effective+,Effective+,Effective+,,Effective,Effective+,Effective,,Highly Effective,,Top 10%,
42,3/13/2017 12:55,3/13/2017 12:56,Complete,,,,English,https://www.surveygizmo.com/s3/3337097/FDI-2016-17-HC-SPED-R3,https://www.surveygizmo.com/s3/3337097/FDI-2016-17-HC-SPED-R3,1489424097_58c6cee17e6f19.96859072,"Mozilla/5.0 (Macintosh; Intel Mac OS X 10_12_3) AppleWebKit/602.4.8 (KHTML, like Gecko) Version/10.0","Mozilla/5.0 (Macintosh; Intel Mac OS X 10_12_3) AppleWebKit/602.4.8 (KHTML, like Gecko) Version/10.0.3 Safari/602.4.8",,207.242.131.218,-73.8423996,40.72290039,United States,Forest Hills,NY,11375,1962,Cohort 27,50208,30Q204,,,,,,,,7,,,,,,CTT/ICT,,,,,Special Education,3/3/2017,Effective,Effective,Effective,,Effective,Effective,Effective,,Effective,Effective,Effective,,Effective,,Average,
43,3/14/2017 8:04,3/14/2017 8:53,Complete,,,,English,https://www.surveygizmo.com/s3/3337097/FDI-2016-17-HC-SPED-R3,https://www.surveygizmo.com/s3/3337097/FDI-2016-17-HC-SPED-R3,1489493094_58c7dc66b66534.53431777,"Mozilla/5.0 (Macintosh; Intel Mac OS X 10_9_4) AppleWebKit/537.77.4 (KHTML, like Gecko) Version/7.0.","Mozilla/5.0 (Macintosh; Intel Mac OS X 10_9_4) AppleWebKit/537.77.4 (KHTML, like Gecko) Version/7.0.5 Safari/537.77.4",,69.201.164.197,-73.99240112,40.75529861,United States,New York,NY,10018,250,Cohort 27,50100,Q445,,,,,,,,,,,,11,,CTT/ICT,,,,,Special Education,3/13/2017,Developing+,Developing+,Developing+,Kadeen is beginning to differentiate her lessons,Developing+,Developing+,Developing+,She is beginning to implement group roles,Developing+,Developing+,Developing+,She is using questioning techniques to check for understanding and engage students.,Effective,,Above Average,
44,3/14/2017 8:53,3/14/2017 18:02,Complete,,,,English,https://www.surveygizmo.com/s3/3337097/FDI-2016-17-HC-SPED-R3,https://www.surveygizmo.com/s3/3337097/FDI-2016-17-HC-SPED-R3,1489495991_58c7e7b7c17623.31458595,"Mozilla/5.0 (Macintosh; Intel Mac OS X 10_9_4) AppleWebKit/537.77.4 (KHTML, like Gecko) Version/7.0.","Mozilla/5.0 (Macintosh; Intel Mac OS X 10_9_4) AppleWebKit/537.77.4 (KHTML, like Gecko) Version/7.0.5 Safari/537.77.4",,69.201.164.197,-73.99240112,40.75529861,United States,New York,NY,10018,250,Cohort 27,50734,M301,,,,,,,,7,,,,,,CTT/ICT,,,,,Special Education,3/14/2017,Developing,Developing,Developing,Michelle needs to differentiate her instruction,Developing,Developing,Developing,Classroom management is improving,Developing,Developing,Developing,Michelle uses questioning to engage her students.,Developing,Michelle needs to implement suggestions made during feedback sessions,Average,
46,3/14/2017 9:31,3/14/2017 9:33,Complete,,,,English,https://www.surveygizmo.com/s3/3337097/FDI-2016-17-HC-SPED-R3,https://www.surveygizmo.com/s3/3337097/FDI-2016-17-HC-SPED-R3,1489498283_58c7f0ab58d923.65869767,"Mozilla/5.0 (Macintosh; Intel Mac OS X 10_12_3) AppleWebKit/537.36 (KHTML, like Gecko) Chrome/56.0.2","Mozilla/5.0 (Macintosh; Intel Mac OS X 10_12_3) AppleWebKit/537.36 (KHTML, like Gecko) Chrome/56.0.2924.87 Safari/537.36",,108.54.122.85,-73.95480347,40.77619934,United States,New York,NY,10028,1940,Cohort 27,51066,X168,,1,2,,,,,,,,,,,,,,D75,,Special Education - D75,3/7/2017,Effective,Developing+,Developing+,,Effective,Effective,Effective,,Developing+,Effective,Developing+,,Effective,,Average,
47,3/14/2017 9:34,3/14/2017 9:37,Complete,,,,English,https://www.surveygizmo.com/s3/3337097/FDI-2016-17-HC-SPED-R3,https://www.surveygizmo.com/s3/3337097/FDI-2016-17-HC-SPED-R3,1489498439_58c7f147b7d012.07588128,"Mozilla/5.0 (Macintosh; Intel Mac OS X 10_12_3) AppleWebKit/537.36 (KHTML, like Gecko) Chrome/56.0.2","Mozilla/5.0 (Macintosh; Intel Mac OS X 10_12_3) AppleWebKit/537.36 (KHTML, like Gecko) Chrome/56.0.2924.87 Safari/537.36",,108.54.122.85,-73.95480347,40.77619934,United States,New York,NY,10028,1940,Cohort 27,50856,X168,,1,2,3,,,,,,,,,,,,,D75,,Special Education - D75,3/8/2017,Effective,Effective,Effective,,Effective,Effective+,Effective+,,Effective,Effective+,Effective,,Effective+,,Above Average,
48,3/14/2017 9:37,3/14/2017 9:42,Complete,,,,English,https://www.surveygizmo.com/s3/3337097/FDI-2016-17-HC-SPED-R3,https://www.surveygizmo.com/s3/3337097/FDI-2016-17-HC-SPED-R3,1489498641_58c7f211a070c6.52967334,"Mozilla/5.0 (Macintosh; Intel Mac OS X 10_12_3) AppleWebKit/537.36 (KHTML, like Gecko) Chrome/56.0.2","Mozilla/5.0 (Macintosh; Intel Mac OS X 10_12_3) AppleWebKit/537.36 (KHTML, like Gecko) Chrome/56.0.2924.87 Safari/537.36",,108.54.122.85,-73.95480347,40.77619934,United States,New York,NY,10028,1940,Cohort 27,50856,X168,,1,2,3,,,,,,,,,,,,,D75,,Special Education - D75,3/8/2017,Effective,Effective,Effective+,"The lesson plan provided with the is lesson included all aspect that is reqyired in a lesson plan.  The lesson plan was very specific with a beginning, middle and closing for the lesson.  It included the individual and group objectives for the class, procedures and materials needed.  This lesson plan can be followed by any teacher who has to substitute in the classroom.",Effective,Effective,Effective+,"Alice provides a motivating, nurturing environment for all the students in class.  She has set up systems for student self check, student to student socialization and mutual respect with the students in her class.  She speaks to them in a kind yet forceful way and as a result has little behavioral challenges during her lesson.",Effective,Effective+,Effective,Though a specific assessment was not evident in her video it is written into her lesson plan as part ofher procedures.,Effective+,Alice continues to reflect on her professional growth.  She has taken my suggestions and has incorporated them into her already developed systems in her classroom.  Her increase in all aspects of her pedagogy is evident in the reductions of behavioral challenges in her classroom.,Above Average,
49,3/14/2017 9:42,3/14/2017 9:48,Complete,,,,English,https://www.surveygizmo.com/s3/3337097/FDI-2016-17-HC-SPED-R3,https://www.surveygizmo.com/s3/3337097/FDI-2016-17-HC-SPED-R3,1489498949_58c7f345d6d940.19207100,"Mozilla/5.0 (Macintosh; Intel Mac OS X 10_12_3) AppleWebKit/537.36 (KHTML, like Gecko) Chrome/56.0.2","Mozilla/5.0 (Macintosh; Intel Mac OS X 10_12_3) AppleWebKit/537.36 (KHTML, like Gecko) Chrome/56.0.2924.87 Safari/537.36",,108.54.122.85,-73.95480347,40.77619934,United States,New York,NY,10028,1940,Cohort 27,51066,X168,,1,2,,,,,,,,,,,,,,D75,,Special Education - D75,3/7/2017,Effective,Effective,Effective,"The lesson plan submitted is a framework for the unit being taught. It includes objectives, gosals for small group guided practices and assessments.  It does not include individual goals and objectives for your students or group set up by names.  Your lesson plan also needs to include connection to standards and individual IEP goals.  It should also be connected to your oeriodic assessments such as SANDI or ABLLS.",Effective,Developing+,Developing+,"The behavioral challenges were dealt with in a non distrubtive way.  There were only 1 time where the class needed to be redirected.  At that time miguel started counting from 1-5 which was a signal to the students to face him and stop talking.  There was much improvement in his reaction to students talking during his lesson.  As discussed before, talking is a form of socialization so before you stop it see what the conversation are about.",Developing+,Effective,Developing+,The instructional strategies used for this group  lesson included an auditory video that enriched and reinforced the sequence of the month of the year.  The activity that followed was presented in a motivating approach by having each student answer a question and place the answer of the board.  The final part of the lesson was to unsequence the months and have students recognize the corresponding number.  This part was introduced but video did not show the completion.,Effective,Miguel continues to reflect on his overall professional growth and has been able to successfully put my suggestions into his instructional practices.  The improvement in his classroom management and questioning techniques show a growth in his pedagogy.,Average,
50,3/14/2017 10:34,3/14/2017 10:43,Complete,,,,English,https://www.surveygizmo.com/s3/3337097/FDI-2016-17-HC-SPED-R3,https://www.surveygizmo.com/s3/3337097/FDI-2016-17-HC-SPED-R3,1489502057_58c7ff69721d32.39718488,"Mozilla/5.0 (Windows NT 6.3; WOW64) AppleWebKit/537.36 (KHTML, like Gecko) Chrome/56.0.2924.87 Safar","Mozilla/5.0 (Windows NT 6.3; WOW64) AppleWebKit/537.36 (KHTML, like Gecko) Chrome/56.0.2924.87 Safari/537.36",,66.108.153.219,-73.99749756,40.73080063,United States,New York,NY,10011,1205,Cohort 27,50827,X479,,,,,,,,,,,10,,,CTT/ICT,,,,,Special Education,02/02/0017,Effective,Developing+,Developing+,The lesson was well planned but differentiated approaches need to be refined,Effective,Effective,Effective,This was a well managed class with a positive tone.,Developing+,Developing+,Developing+,Pacing and assessment will need to be refined for this ICT class.,Effective,This Fellow is very conscientious and reflective of his work.,Above Average,
51,3/14/2017 10:45,3/14/2017 10:55,Complete,,,,English,https://www.surveygizmo.com/s3/3337097/FDI-2016-17-HC-SPED-R3,https://www.surveygizmo.com/s3/3337097/FDI-2016-17-HC-SPED-R3,1489502667_58c801cb907f80.27803407,"Mozilla/5.0 (Windows NT 6.3; WOW64) AppleWebKit/537.36 (KHTML, like Gecko) Chrome/56.0.2924.87 Safar","Mozilla/5.0 (Windows NT 6.3; WOW64) AppleWebKit/537.36 (KHTML, like Gecko) Chrome/56.0.2924.87 Safari/537.36",,66.108.153.219,-73.99749756,40.73080063,United States,New York,NY,10011,1205,Cohort 27,50087,X267,,,,,,,,7,,,,,,CTT/ICT,,,,,Special Education,02/14/0017,Developing+,Developing+,Developing+,It will be important to continue developing differentiated approaches for students in this ICT class.,Effective,Developing+,Developing+,It will be important to continue refining management techniques for this 7th grade ICT class.,Developing+,Developing+,Developing+,It will be important to continue analyzing assessment results in order to adjust approaches for individual students.,Effective,This Fellow has a very positive and conscientious approach to her development as a first year teacher.,Average,
52,3/14/2017 10:57,3/14/2017 11:08,Complete,,,,English,https://www.surveygizmo.com/s3/3337097/FDI-2016-17-HC-SPED-R3,https://www.surveygizmo.com/s3/3337097/FDI-2016-17-HC-SPED-R3,1489503456_58c804e07d2896.15950901,"Mozilla/5.0 (Windows NT 6.3; WOW64) AppleWebKit/537.36 (KHTML, like Gecko) Chrome/56.0.2924.87 Safar","Mozilla/5.0 (Windows NT 6.3; WOW64) AppleWebKit/537.36 (KHTML, like Gecko) Chrome/56.0.2924.87 Safari/537.36",,66.108.153.219,-73.99749756,40.73080063,United States,New York,NY,10011,1205,Cohort 27,50032,X267,,,,,,,,,,9,,,,CTT/ICT,,,,,Special Education,02/14/0017,Effective,Developing+,Developing+,this Fellow has a solid knowledge of the topic but will still need to work on differentiated approaches.,Effective,Developing+,Developing+,Very good efforts are being made to improve classroom management strategies for this class.,Developing+,Developing+,Developing+,It will be important to continue refining assessment strategies in order to reinforce basic math skills within lessons.,Effective,This Fellow remains very conscientious and reflective of her work.,Above Average,
54,3/14/2017 16:38,3/14/2017 16:41,Complete,,,,English,https://www.surveygizmo.com/s3/3337097/FDI-2016-17-HC-SPED-R3,https://www.surveygizmo.com/s3/3337097/FDI-2016-17-HC-SPED-R3,1489523883_58c854ab174288.45797890,"Mozilla/5.0 (Macintosh; Intel Mac OS X 10_12_3) AppleWebKit/537.36 (KHTML, like Gecko) Chrome/56.0.2","Mozilla/5.0 (Macintosh; Intel Mac OS X 10_12_3) AppleWebKit/537.36 (KHTML, like Gecko) Chrome/56.0.2924.87 Safari/537.36",,108.54.122.85,-73.95480347,40.77619934,United States,New York,NY,10028,1940,Cohort 27,50732,K368,,,,,,,6,7,8,,,,,,,,D75,,Special Education - D75,3/13/2017,Effective,Effective,Effective,"Nate began his lesson with a review of what are the guidelines in writing when you use a story starter to create a story of fact.  He reviewed to start you need to restate the question, give examples of why you feel this way and end with a conclusion.  He gave them an example of answering the question and then had them work indepemdently to answer question.  During the independent writing he walked around and conference with each student.",Effective,Effective,Effective,Nate's classroom is consistantly changing students which changes the climate of his classroom.  Inspite of this he has managed to create an environment where student listen to his direction and adhere to the rules of his classroom and school.,Effective,Effective,Effective,During the independent writing he managed to conference with each student to check their work and make corrections when necessary.  I did not observe any formal data collection during this time.,Effective,Nate continues to show a positive attitude throughout his lesson. He continues to reflect on his professional growth and adjusts his pedogogy when new students enter his class. He has taken my suggestions and have incorporated them into his practice.  He is using positive reinforcement to refocus student into making better choices both academically and behaviorally.,Average,
55,3/14/2017 18:02,3/14/2017 18:05,Complete,,,,English,https://www.surveygizmo.com/s3/3337097/FDI-2016-17-HC-SPED-R3,https://www.surveygizmo.com/s3/3337097/FDI-2016-17-HC-SPED-R3,1489528956_58c8687c10e066.53589267,"Mozilla/5.0 (Macintosh; Intel Mac OS X 10_9_4) AppleWebKit/537.77.4 (KHTML, like Gecko) Version/7.0.","Mozilla/5.0 (Macintosh; Intel Mac OS X 10_9_4) AppleWebKit/537.77.4 (KHTML, like Gecko) Version/7.0.5 Safari/537.77.4",,69.201.164.197,-73.99240112,40.75529861,United States,New York,NY,10018,250,Cohort 27,50869,M104,,,,,,,,,8,,,,,,Self-contained,,,,Special Education,3/9/2017,Effective,Effective,Effective,Elizabeth has an excellent grasp of the curriculum and is beginning to differentiate the instruction,Effective,Effective,Effective,Elizabeth has several classroom management systems in place which are working well,Effective,Effective,Effective,Elizabeth uses questioning strategies to check for understanding,Effective,She does an excellent job reflecting on her teaching,Above Average,
56,3/15/2017 10:34,3/15/2017 10:37,Complete,,,,English,https://www.surveygizmo.com/s3/3337097/FDI-2016-17-HC-SPED-R3,https://www.surveygizmo.com/s3/3337097/FDI-2016-17-HC-SPED-R3,1489588469_58c950f582c845.69128817,"Mozilla/5.0 (Windows NT 10.0; Win64; x64) AppleWebKit/537.36 (KHTML, like Gecko) Chrome/56.0.2924.87","Mozilla/5.0 (Windows NT 10.0; Win64; x64) AppleWebKit/537.36 (KHTML, like Gecko) Chrome/56.0.2924.87 Safari/537.36",,148.74.246.85,-73.87729645,40.95130157,United States,Yonkers,NY,10701,1977,Cohort 27,50105,x131,,,,,,,,7,,,,,,,,SETTS,,,Special Education,2/28/2017,Developing,Developing+,Developing+,,Developing+,Developing,Developing,,Developing,Developing+,Developing,,Developing,,Average,
58,3/15/2017 11:54,3/15/2017 11:59,Complete,,,,English,https://www.surveygizmo.com/s3/3337097/FDI-2016-17-HC-SPED-R3,https://www.surveygizmo.com/s3/3337097/FDI-2016-17-HC-SPED-R3,1489593284_58c963c49f3d39.87377237,"Mozilla/5.0 (Windows NT 6.1; WOW64) AppleWebKit/537.36 (KHTML, like Gecko) Chrome/56.0.2924.87 Safar","Mozilla/5.0 (Windows NT 6.1; WOW64) AppleWebKit/537.36 (KHTML, like Gecko) Chrome/56.0.2924.87 Safari/537.36",,69.125.243.249,-73.89099884,40.92070007,United States,Yonkers,NY,10705,458,Cohort 27,51198,X243,,,,,,,,7,,,,,,CTT/ICT,,,,,Special Education,2/15/2017,Developing+,Developing,Developing+,,Developing,Developing,Developing,,Developing,Developing,Developing+,,Developing+,,Average,
59,3/15/2017 11:59,3/15/2017 12:03,Complete,,,,English,https://www.surveygizmo.com/s3/3337097/FDI-2016-17-HC-SPED-R3,https://www.surveygizmo.com/s3/3337097/FDI-2016-17-HC-SPED-R3,1489593569_58c964e1157ab4.93921219,"Mozilla/5.0 (Windows NT 6.1; WOW64) AppleWebKit/537.36 (KHTML, like Gecko) Chrome/56.0.2924.87 Safar","Mozilla/5.0 (Windows NT 6.1; WOW64) AppleWebKit/537.36 (KHTML, like Gecko) Chrome/56.0.2924.87 Safari/537.36",,69.125.243.249,-73.89099884,40.92070007,United States,Yonkers,NY,10705,458,Cohort 27,51106,10X254,,,,,,,,7,,,,,,,Self-contained,,,,Special Education,2/28/2017,Developing+,Developing+,Developing+,,Developing+,Developing+,Developing+,,Developing+,Effective,Developing+,,Highly Effective,,Top 10%,
60,3/15/2017 12:22,3/15/2017 12:58,Complete,,,,English,https://www.surveygizmo.com/s3/3337097/FDI-2016-17-HC-SPED-R3,https://www.surveygizmo.com/s3/3337097/FDI-2016-17-HC-SPED-R3,1489594915_58c96a23c38ed2.97312234,"Mozilla/5.0 (Macintosh; Intel Mac OS X 10_10_5) AppleWebKit/600.8.9 (KHTML, like Gecko) Version/8.0.","Mozilla/5.0 (Macintosh; Intel Mac OS X 10_10_5) AppleWebKit/600.8.9 (KHTML, like Gecko) Version/8.0.8 Safari/600.8.9",,69.248.47.149,-74.2806015,40.60969925,United States,Rahway,NJ,7065,410,Cohort 27,50257,M299,,,,,,,,,,,10,,,CTT/ICT,,,,,Special Education,3/10/2017,Highly Effective,Highly Effective,Effective+,"Teacher is very effective in planning and presenting thoughtfully planned lessons that include clear and specific objectives, supports for students' learning of key concepts, and alignment of questions, tasks, materials and activities to facilitate understanding of the targeted information and instructions.",Highly Effective,Highly Effective,Highly Effective,"Teacher has established a very positive and engaging class community where students are motivated and participate in the lesson activities.  Instructional time is maximized and prepared materials/technology were presented efficiently. Teacher appropriately provides reminders about attention/behavior as needed, but students were largely cooperative and actively engaged in the lesson, discussions and tasks of the lesson.",Highly Effective,Highly Effective,Highly Effective,Teacher is very effective in presenting higher level critical thinking questions for the students throughout the lesson which served to reinforce and challenge their thinking and understanding of the lesson objectives and key concepts. Activities and questions were appropriately aligned with the lesson objectives and served as a means to check the students' understanding of the information before moving on to the next level of information.,Highly Effective,"Teacher is strong in her ability to reflect on her teaching practice and to make practical and meaningful suggestions to improve her lesson planning and delivery for the benefit of the students.  Teacher ability to plan specific differentiation continues to develop and improve, as does her use of higher level questions, encouragement of student to student participation and specific praise of student efforts.",Top 10%,
61,3/15/2017 13:31,3/15/2017 13:42,Complete,,,,English,https://webtop.webmail.optimum.net/1572/messageview.html,https://webtop.webmail.optimum.net/1572/messageview.html,1489599108_58c97a84583c65.13419589,"Mozilla/5.0 (Macintosh; Intel Mac OS X 10_10_5) AppleWebKit/537.36 (KHTML, like Gecko) Chrome/56.0.2","Mozilla/5.0 (Macintosh; Intel Mac OS X 10_10_5) AppleWebKit/537.36 (KHTML, like Gecko) Chrome/56.0.2924.87 Safari/537.36",,47.17.185.189,-73.8125,41.02220154,United States,Hartsdale,NY,10530,426,Cohort 27,50960,11X326,,,,,,,6,,,,,,,CTT/ICT,,,,,Special Education,2/15/2017,Developing,Developing,Developing+,,Developing+,Developing,Developing,,Developing,Developing,Developing+,,Developing,,Average,
62,3/15/2017 13:42,3/15/2017 13:46,Complete,,,,English,https://webtop.webmail.optimum.net/1572/messageview.html,https://webtop.webmail.optimum.net/1572/messageview.html,1489599736_58c97cf8a69899.93088757,"Mozilla/5.0 (Macintosh; Intel Mac OS X 10_10_5) AppleWebKit/537.36 (KHTML, like Gecko) Chrome/56.0.2","Mozilla/5.0 (Macintosh; Intel Mac OS X 10_10_5) AppleWebKit/537.36 (KHTML, like Gecko) Chrome/56.0.2924.87 Safari/537.36",,47.17.185.189,-73.8125,41.02220154,United States,Hartsdale,NY,10530,426,Cohort 27,50205,75X176,,,2,3,,,,,,,,,,,Self-contained,,,,Special Education - D75,2/10/2017,Developing,Developing+,Developing+,,Developing+,Developing+,Effective,,Developing+,Effective,Developing+,,Developing+,,Average,
63,3/15/2017 13:46,3/15/2017 13:49,Complete,,,,English,https://www.surveygizmo.com/s3/3337097/FDI-2016-17-HC-SPED-R3,https://www.surveygizmo.com/s3/3337097/FDI-2016-17-HC-SPED-R3,1489599983_58c97def049023.56994824,"Mozilla/5.0 (Macintosh; Intel Mac OS X 10_10_5) AppleWebKit/537.36 (KHTML, like Gecko) Chrome/56.0.2","Mozilla/5.0 (Macintosh; Intel Mac OS X 10_10_5) AppleWebKit/537.36 (KHTML, like Gecko) Chrome/56.0.2924.87 Safari/537.36",,47.17.185.189,-73.8125,41.02220154,United States,Hartsdale,NY,10530,426,Cohort 27,50346,75X176,,,,,,5,6,,,,,,,,Self-contained,,D75,,Special Education - D75,02/13/0017,Effective,Effective,Effective,,Effective,Effective,Effective,,Effective,Effective,Effective,,Effective,,Above Average,
64,3/15/2017 20:45,3/15/2017 20:51,Complete,,,,English,https://mail.hunter.cuny.edu/owa/redir.aspx?C=tInZkWrdL9kzjpEb657t7ciE0hR5L-vWzPHIJmx5IMOv3QKyBGzUCA,https://mail.hunter.cuny.edu/owa/redir.aspx?C=tInZkWrdL9kzjpEb657t7ciE0hR5L-vWzPHIJmx5IMOv3QKyBGzUCA..&URL=https%3a%2f%2fwww.surveygizmo.com%2fs3%2f3337097%2fFDI-2016-17-HC-SPED-R3,1489624713_58c9de89cd0a96.18644395,Mozilla/5.0 (Windows NT 6.3; WOW64; Trident/7.0; Touch; rv:11.0) like Gecko,Mozilla/5.0 (Windows NT 6.3; WOW64; Trident/7.0; Touch; rv:11.0) like Gecko,,146.111.176.72,-73.98619843,40.76620102,United States,New York,NY,10019,1735,Cohort 27,51010,17K548,,,,,,,,,,9,,,,CTT/ICT,,,,,Special Education,02/03/0017,Effective,Developing+,Developing+,,Effective,Developing+,Developing+,,Effective,Developing+,Developing+,,Effective+,,Above Average,
65,3/15/2017 20:51,3/15/2017 20:57,Complete,,,,English,https://mail.hunter.cuny.edu/owa/redir.aspx?C=tInZkWrdL9kzjpEb657t7ciE0hR5L-vWzPHIJmx5IMOv3QKyBGzUCA,https://mail.hunter.cuny.edu/owa/redir.aspx?C=tInZkWrdL9kzjpEb657t7ciE0hR5L-vWzPHIJmx5IMOv3QKyBGzUCA..&URL=https%3a%2f%2fwww.surveygizmo.com%2fs3%2f3337097%2fFDI-2016-17-HC-SPED-R3,1489625498_58c9e19a85afa6.54393478,Mozilla/5.0 (Windows NT 6.3; WOW64; Trident/7.0; Touch; rv:11.0) like Gecko,Mozilla/5.0 (Windows NT 6.3; WOW64; Trident/7.0; Touch; rv:11.0) like Gecko,,146.111.176.72,-73.98619843,40.76620102,United States,New York,NY,10019,1735,Cohort 27,50777,75K562,,,,,,,6,7,8,,,,,,Self-contained,,D75,,Special Education,02/14/0017,Developing,Developing+,Developing+,,Developing+,Effective,Effective,,Developing+,Developing+,Developing,,Developing,,Average,
66,3/16/2017 9:39,3/16/2017 9:47,Complete,,,,English,https://www.surveygizmo.com/s3/3337097/FDI-2016-17-HC-SPED-R3,https://www.surveygizmo.com/s3/3337097/FDI-2016-17-HC-SPED-R3,1489671568_58ca959007e422.89388414,"Mozilla/5.0 (Macintosh; Intel Mac OS X 10_11_2) AppleWebKit/601.3.9 (KHTML, like Gecko) Version/9.0.","Mozilla/5.0 (Macintosh; Intel Mac OS X 10_11_2) AppleWebKit/601.3.9 (KHTML, like Gecko) Version/9.0.2 Safari/601.3.9",,69.201.164.197,-73.99240112,40.75529861,United States,New York,NY,10018,250,Cohort 27,50250,M47,,,,,,,,,,9,,,,,Self-contained,,,,Special Education,3/6/2017,Developing+,Developing+,Developing+,Eric is getting a better grasp of the curriculum and finding ways to engage his students.,Developing+,Developing+,Developing+,Classroom management works well.,Developing+,Developing+,Developing+,Questioning is used to check for understanding and engage students.,Developing+,,Average,
67,3/16/2017 9:47,3/16/2017 9:52,Complete,,,,English,https://www.surveygizmo.com/s3/3337097/FDI-2016-17-HC-SPED-R3,https://www.surveygizmo.com/s3/3337097/FDI-2016-17-HC-SPED-R3,1489672029_58ca975dbd29c8.78852793,"Mozilla/5.0 (Macintosh; Intel Mac OS X 10_11_2) AppleWebKit/601.3.9 (KHTML, like Gecko) Version/9.0.","Mozilla/5.0 (Macintosh; Intel Mac OS X 10_11_2) AppleWebKit/601.3.9 (KHTML, like Gecko) Version/9.0.2 Safari/601.3.9",,69.201.164.197,-73.99240112,40.75529861,United States,New York,NY,10018,250,Cohort 27,50261,M811,,1,2,3,,,,,,,,,,,Self-contained,,,,Special Education - D75,3/6/2017,Developing+,Developing+,Developing+,JoAnn provides differentiated instruction for each of her students.,Developing+,Developing+,Developing+,She is working on her behavior management system,Developing+,Developing+,Developing+,She does a good job using questioning to engage her students and check for understanding,Developing+,,Above Average,
68,3/16/2017 11:19,3/16/2017 11:27,Complete,,,,English,https://www.surveygizmo.com/s3/3337097/FDI-2016-17-HC-SPED-R3,https://www.surveygizmo.com/s3/3337097/FDI-2016-17-HC-SPED-R3,1489677526_58caacd6e559f8.89765478,"Mozilla/5.0 (Macintosh; Intel Mac OS X 10_10_5) AppleWebKit/602.4.8 (KHTML, like Gecko) Version/10.0","Mozilla/5.0 (Macintosh; Intel Mac OS X 10_10_5) AppleWebKit/602.4.8 (KHTML, like Gecko) Version/10.0.3 Safari/602.4.8",,71.183.0.71,-73.97750092,40.79579926,United States,New York,NY,10024,1838,Cohort 27,50582,M187,,,,,,,,7,8,,,,,,Self-contained,,,,Special Education,3/14/17  Video,Developing+,Developing+,Developing+,Ernesto is learning to plan to include time for assessment.  He is creative inches approach to teaching.,Developing+,Developing+,Developing+,Ernesto is a great role model for his students.  He is working on being consistent with his behavior modification system.  there is mutual respect for he and his students.,Developing+,Developing+,Developing+,Ernesto is trying to not talk over his students and engage them in creative ways,Developing+,Ernesto is open to Supervision and is organized and Professional.  He is a vital member of the school community.,Above Average,
69,3/16/2017 13:57,3/16/2017 14:20,Complete,,,,English,https://www.surveygizmo.com/s3/3337097/FDI-2016-17-HC-SPED-R3,https://www.surveygizmo.com/s3/3337097/FDI-2016-17-HC-SPED-R3,1489687039_58cad1ff9874c9.14896896,"Mozilla/5.0 (Macintosh; Intel Mac OS X 10_10_5) AppleWebKit/600.8.9 (KHTML, like Gecko) Version/8.0.","Mozilla/5.0 (Macintosh; Intel Mac OS X 10_10_5) AppleWebKit/600.8.9 (KHTML, like Gecko) Version/8.0.8 Safari/600.8.9",,69.248.47.149,-74.2806015,40.60969925,United States,Rahway,NJ,7065,410,Cohort 27,50835,M507,,,,,,,,,,,10,,,CTT/ICT,,,,,Special Education,3/13/2017,Effective,Highly Effective,Highly Effective,"This was a well planned and very challenging lesson in physics for the ICT class.  The instructional outcomes and key concepts were clearly presented by the teacher.  The activities and tasks of the lesson were well planned, well aligned with the lesson objectives and meaningful for the students.  The tasks were engaging, challenging and motivating for the students.  Inclusion of much more specific differentiation for LD students in the lesson plan and, most importantly, during the lesson is very strongly recommended and encouraged.",Effective+,Effective+,Effective+,"Students were appropriately engaged in the lesson and student behavior was generally cooperative.  There is a clear and well established class routine that the students seemed to follow, although a clear agenda for the lesson posted for the students' reference might further facilitate their understanding and expectations of the lesson.  The use of materials and presentation of information for tasks appeared to be efficient.  Teacher is effective in providing timing cues for the students.  Some additional reminders to the students to attend and listen to each others' responses might be useful in future lessons.",Effective+,Effective+,Effective+,Students are engaged in the lesson and tasks.  They are motivated by the tasks and are enthusiastic in their contributions/sharing out during the lesson.  The teacher is asking questions to check for understanding.  Questions posed are challenging and students are thinking about solving the posed physics problems using higher level thinking skills.  It was difficult to determine if LD students were able to contribute to the discussion.  More specific differentiation during the lesson and scaffolds for LD students are very important elements to include in future lessons.,Effective+,Teacher is able to reflect upon her teaching practice and provides practical and meaningful suggestions to improve her delivery/presentation of the lesson in the future.  Teacher is very welcoming of suggestions provided to her and is willing to incorporate new strategies into future lessons.,Above Average,
70,3/16/2017 15:15,3/16/2017 15:21,Complete,,,,English,https://www.surveygizmo.com/s3/3337097/FDI-2016-17-HC-SPED-R3,https://www.surveygizmo.com/s3/3337097/FDI-2016-17-HC-SPED-R3,1489691743_58cae45fa7a182.94702260,"Mozilla/5.0 (Macintosh; Intel Mac OS X 10_10_5) AppleWebKit/537.36 (KHTML, like Gecko) Chrome/56.0.2","Mozilla/5.0 (Macintosh; Intel Mac OS X 10_10_5) AppleWebKit/537.36 (KHTML, like Gecko) Chrome/56.0.2924.87 Safari/537.36",,72.69.101.93,-73.71640015,41.19950104,United States,Mount Kisco,NY,10549,1733,Cohort 27,50432,12x242,,,,,,,,,,,,11,,CTT/ICT,,,,,Special Education,3/3/2017,Effective,Developing+,Developing+,,Effective,Effective,Effective,,Developing+,Developing+,Developing+,,Effective,,Average,
71,3/16/2017 15:22,3/16/2017 15:26,Complete,,,,English,https://www.surveygizmo.com/s3/3337097/FDI-2016-17-HC-SPED-R3,https://www.surveygizmo.com/s3/3337097/FDI-2016-17-HC-SPED-R3,1489692122_58cae5da629f70.29811071,"Mozilla/5.0 (Macintosh; Intel Mac OS X 10_10_5) AppleWebKit/537.36 (KHTML, like Gecko) Chrome/56.0.2","Mozilla/5.0 (Macintosh; Intel Mac OS X 10_10_5) AppleWebKit/537.36 (KHTML, like Gecko) Chrome/56.0.2924.87 Safari/537.36",,72.69.101.93,-73.71640015,41.19950104,United States,Mount Kisco,NY,10549,1733,Cohort 27,50065,X390,,,,,,,,,8,,,,,,Self-contained,,,,Special Education,2/3/2017,Developing+,Developing+,Developing+,,Developing+,Developing+,Developing+,,Developing+,Developing+,Developing+,,Effective,,Average,
72,3/16/2017 17:07,3/16/2017 17:30,Complete,,,,English,https://www.surveygizmo.com/s3/3337097/FDI-2016-17-HC-SPED-R3,https://www.surveygizmo.com/s3/3337097/FDI-2016-17-HC-SPED-R3,1489698451_58cafe938b1602.93797906,"Mozilla/5.0 (Macintosh; Intel Mac OS X 10_10_5) AppleWebKit/600.8.9 (KHTML, like Gecko) Version/8.0.","Mozilla/5.0 (Macintosh; Intel Mac OS X 10_10_5) AppleWebKit/600.8.9 (KHTML, like Gecko) Version/8.0.8 Safari/600.8.9",,69.248.47.149,-74.2806015,40.60969925,United States,Rahway,NJ,7065,410,Cohort 27,50736,M402,,,,,,,,,,,10,11,12,CTT/ICT,,,,,Special Education,3.14.2017,Highly Effective,Highly Effective,Highly Effective,This was a very effective and well planned lesson on how to use Rubrics to ensure high quality research outcomes in Global History studies. Teacher clearly planned and presented objectives and outcomes for the students. The key concepts of the lesson were clearly explained and activities that followed were appropriately aligned with the lesson content and key objectives. Teacher included  differentiated supports during group discussions and note taking to scaffold learning for the IEP students in the class.,Effective+,Highly Effective,Effective+,"This is a very positive and cooperative learning environment for the students.  Class routines are well established, agenda is readily viewable on the board and students are clear regarding the high expectations teachers encourage from the students.  Pacing for this lesson was well done, including student cues and use of timer.  Instructional time was maximized as students efficiently transition to small groups.  Use of materials and turn and talk exercises were effective.",Effective+,Effective+,Highly Effective,"Students are motivated and appropriately engaged in the lesson activities and the lesson discussions.  Teacher is providing students with higher level questions that serve to challenge their thinking, develop their skills and also to check for their understanding  Students are effectively assessed during group discussions as well as 1:1 in small groups. Students appear to be aware of the assessment learning criteria, and learned the meaningful use of rubrics in historical research.  Well planned graphic organizers were also incorporated into the lesson to further facilitate the students' understanding and effective research strategies.",Highly Effective,"Teacher is very effective in her ability to reflect upon her teaching practice with the students.  She is able to provide productive and practical strategies to improve her work in the class with the students.  Teacher is able to cite examples of effective strategies used in the class, as well as those that might be improved for future lessons.",Top 10%,
73,3/16/2017 18:41,3/16/2017 19:25,Complete,,,,English,https://www.surveygizmo.com/s3/3337097/FDI-2016-17-HC-SPED-R3,https://www.surveygizmo.com/s3/3337097/FDI-2016-17-HC-SPED-R3,1489704069_58cb1485ed8e34.96821604,"Mozilla/5.0 (Windows NT 10.0; Win64; x64) AppleWebKit/537.36 (KHTML, like Gecko) Chrome/56.0.2924.87","Mozilla/5.0 (Windows NT 10.0; Win64; x64) AppleWebKit/537.36 (KHTML, like Gecko) Chrome/56.0.2924.87 Safari/537.36",,97.100.139.204,-81.3513031,28.32600021,United States,Kissimmee,FL,34743,1800,Cohort 27,51162,09X219,,,,,,,,7,,,,,,CTT/ICT,,,,,Special Education,3/2/2017,Effective,Effective,Effective,,Effective+,Effective+,Effective+,,Effective,Effective+,Developing+,,Effective+,,Average,
74,3/16/2017 19:25,3/16/2017 19:27,Complete,,,,English,https://www.surveygizmo.com/s3/3337097/FDI-2016-17-HC-SPED-R3,https://www.surveygizmo.com/s3/3337097/FDI-2016-17-HC-SPED-R3,1489706752_58cb1f00f3bfd9.07911405,"Mozilla/5.0 (Windows NT 10.0; Win64; x64) AppleWebKit/537.36 (KHTML, like Gecko) Chrome/56.0.2924.87","Mozilla/5.0 (Windows NT 10.0; Win64; x64) AppleWebKit/537.36 (KHTML, like Gecko) Chrome/56.0.2924.87 Safari/537.36",,97.100.139.204,-81.3513031,28.32600021,United States,Kissimmee,FL,34743,1800,Cohort 27,50510,09X517,,,,,,,,,,9,,,,CTT/ICT,,,,,Special Education,2/16/2017,Effective,Effective,Effective,,Effective,Effective,Effective,,Effective,Effective+,Effective,,Effective+,,Average,
75,3/16/2017 19:28,3/16/2017 19:29,Complete,,,,English,https://www.surveygizmo.com/s3/3337097/FDI-2016-17-HC-SPED-R3,https://www.surveygizmo.com/s3/3337097/FDI-2016-17-HC-SPED-R3,1489706877_58cb1f7def5ab1.97402910,"Mozilla/5.0 (Windows NT 10.0; Win64; x64) AppleWebKit/537.36 (KHTML, like Gecko) Chrome/56.0.2924.87","Mozilla/5.0 (Windows NT 10.0; Win64; x64) AppleWebKit/537.36 (KHTML, like Gecko) Chrome/56.0.2924.87 Safari/537.36",,97.100.139.204,-81.3513031,28.32600021,United States,Kissimmee,FL,34743,1800,Cohort 27,50276,08X269,,,,,,,,,,9,,,,CTT/ICT,,,,,Special Education,3/2/2017,Developing+,Developing+,Developing+,,Effective,Effective,Developing+,,Effective,Effective,Developing+,,Effective+,,Average,
76,3/16/2017 19:30,3/16/2017 19:31,Complete,,,,English,https://www.surveygizmo.com/s3/3337097/FDI-2016-17-HC-SPED-R3,https://www.surveygizmo.com/s3/3337097/FDI-2016-17-HC-SPED-R3,1489707006_58cb1ffed9eb21.68372040,"Mozilla/5.0 (Windows NT 10.0; Win64; x64) AppleWebKit/537.36 (KHTML, like Gecko) Chrome/56.0.2924.87","Mozilla/5.0 (Windows NT 10.0; Win64; x64) AppleWebKit/537.36 (KHTML, like Gecko) Chrome/56.0.2924.87 Safari/537.36",,97.100.139.204,-81.3513031,28.32600021,United States,Kissimmee,FL,34743,1800,Cohort 27,50209,09X517,,,,,,,,,,9,,,,CTT/ICT,,,,,Special Education,2/16/2017,Effective,Developing+,Effective,,Effective,Effective+,Effective,,Effective,Effective,Developing+,,Effective+,,Average,
77,3/16/2017 19:32,3/16/2017 19:33,Complete,,,,English,https://www.surveygizmo.com/s3/3337097/FDI-2016-17-HC-SPED-R3,https://www.surveygizmo.com/s3/3337097/FDI-2016-17-HC-SPED-R3,1489707122_58cb2072dcdf99.34398705,"Mozilla/5.0 (Windows NT 10.0; Win64; x64) AppleWebKit/537.36 (KHTML, like Gecko) Chrome/56.0.2924.87","Mozilla/5.0 (Windows NT 10.0; Win64; x64) AppleWebKit/537.36 (KHTML, like Gecko) Chrome/56.0.2924.87 Safari/537.36",,97.100.139.204,-81.3513031,28.32600021,United States,Kissimmee,FL,34743,1800,Cohort 27,50673,75X012,,,,,,,6,,,,,,,,,,D75,,Special Education - D75,2/3/2017,Effective+,Effective+,Highly Effective,,Effective+,Highly Effective,Highly Effective,,Effective+,Highly Effective,Effective+,,Effective+,,Above Average,
78,3/16/2017 19:33,3/16/2017 19:35,Complete,,,,English,https://www.surveygizmo.com/s3/3337097/FDI-2016-17-HC-SPED-R3,https://www.surveygizmo.com/s3/3337097/FDI-2016-17-HC-SPED-R3,1489707230_58cb20dea0fe35.09590301,"Mozilla/5.0 (Windows NT 10.0; Win64; x64) AppleWebKit/537.36 (KHTML, like Gecko) Chrome/56.0.2924.87","Mozilla/5.0 (Windows NT 10.0; Win64; x64) AppleWebKit/537.36 (KHTML, like Gecko) Chrome/56.0.2924.87 Safari/537.36",,97.100.139.204,-81.3513031,28.32600021,United States,Kissimmee,FL,34743,1800,Cohort 27,51094,75X017,,,,,,,6,,,,,,,,,,D75,,Special Education - D75,3/2/2017,Effective+,Effective+,Effective,,Effective,Highly Effective,Highly Effective,,Effective+,Effective+,Effective,,Effective+,,Average,
80,3/17/2017 3:05,3/17/2017 3:20,Complete,,,,English,https://www.surveygizmo.com/s3/3337097/FDI-2016-17-HC-SPED-R3,https://www.surveygizmo.com/s3/3337097/FDI-2016-17-HC-SPED-R3,1489734309_58cb8aa518f227.99948967,"Mozilla/5.0 (Macintosh; Intel Mac OS X 10_12_3) AppleWebKit/602.4.8 (KHTML, like Gecko) Version/10.0","Mozilla/5.0 (Macintosh; Intel Mac OS X 10_12_3) AppleWebKit/602.4.8 (KHTML, like Gecko) Version/10.0.3 Safari/602.4.8",,24.189.62.209,-73.91239929,41.04040146,United States,Piermont,NY,10968,1797,Cohort 27,51200,X447,,,,,,,,7,,,,,,CTT/ICT,,,,,Special Education,3/15/2017,Highly Effective,Highly Effective,Highly Effective,His lessons allow for meeting his students' diverse needs,Highly Effective,Highly Effective,Highly Effective,The teacher's classroom management skills are excellent,Highly Effective,Highly Effective,Highly Effective,The teacher uses assessments at all times and even has his students assess,Highly Effective,He makes an accurate assessment of his lesson,Above Average,
81,3/17/2017 3:20,3/17/2017 3:26,Complete,,,,English,https://www.surveygizmo.com/s3/3337097/FDI-2016-17-HC-SPED-R3,https://www.surveygizmo.com/s3/3337097/FDI-2016-17-HC-SPED-R3,1489735247_58cb8e4f7770d6.21747015,"Mozilla/5.0 (Macintosh; Intel Mac OS X 10_12_3) AppleWebKit/602.4.8 (KHTML, like Gecko) Version/10.0","Mozilla/5.0 (Macintosh; Intel Mac OS X 10_12_3) AppleWebKit/602.4.8 (KHTML, like Gecko) Version/10.0.3 Safari/602.4.8",,24.189.62.209,-73.91239929,41.04040146,United States,Piermont,NY,10968,1797,Cohort 27,51152,X390,,,,,,,6,,,,,,,CTT/ICT,,,,,Special Education,3/16/2017,Developing,Developing,Developing,,Developing,Developing,Developing,,Developing,Developing,Developing,,Developing,,Below Average,
82,3/17/2017 3:27,3/17/2017 3:32,Complete,,,,English,https://www.surveygizmo.com/s3/3337097/FDI-2016-17-HC-SPED-R3,https://www.surveygizmo.com/s3/3337097/FDI-2016-17-HC-SPED-R3,1489735614_58cb8fbe1f41e0.27530955,"Mozilla/5.0 (Macintosh; Intel Mac OS X 10_12_3) AppleWebKit/602.4.8 (KHTML, like Gecko) Version/10.0","Mozilla/5.0 (Macintosh; Intel Mac OS X 10_12_3) AppleWebKit/602.4.8 (KHTML, like Gecko) Version/10.0.3 Safari/602.4.8",,24.189.62.209,-73.91239929,41.04040146,United States,Piermont,NY,10968,1797,Cohort 27,50214,X459,,,,,,,6,,,,,,,,,,D75,,Special Education - D75,2/2/2017,N/A,N/A,N/A,,N/A,N/A,N/A,,N/A,N/A,N/A,,N/A,,Below Average,
84,3/17/2017 9:03,3/17/2017 9:07,Complete,,,,English,https://www.surveygizmo.com/s3/3337097/FDI-2016-17-HC-SPED-R3,https://www.surveygizmo.com/s3/3337097/FDI-2016-17-HC-SPED-R3,1489755149_58cbdc0d65d925.35872138,"Mozilla/5.0 (Windows NT 6.1; WOW64) AppleWebKit/537.36 (KHTML, like Gecko) Chrome/53.0.2785.116 Safa","Mozilla/5.0 (Windows NT 6.1; WOW64) AppleWebKit/537.36 (KHTML, like Gecko) Chrome/53.0.2785.116 Safari/537.36",,74.102.88.232,-74.04679871,40.72090149,United States,Jersey City,NJ,7302,2034,Cohort 27,51150,K053,,,,,,,6,,,,,,,,Self-contained,,,,Special Education - D75,2/13/2017,Developing+,Developing+,Developing+,Students plans are developing nicely from the previous semester,Developing+,Effective,Effective,For a first year teacher she has great command of the classroom,Developing+,Developing+,Developing+,,Effective+,She is very reflective and offers good feedback during post conferences,Average,
85,3/17/2017 9:07,3/17/2017 9:11,Complete,,,,English,https://www.surveygizmo.com/s3/3337097/FDI-2016-17-HC-SPED-R3,https://www.surveygizmo.com/s3/3337097/FDI-2016-17-HC-SPED-R3,1489756032_58cbdf80c705b6.37922065,"Mozilla/5.0 (Windows NT 6.1; WOW64) AppleWebKit/537.36 (KHTML, like Gecko) Chrome/53.0.2785.116 Safa","Mozilla/5.0 (Windows NT 6.1; WOW64) AppleWebKit/537.36 (KHTML, like Gecko) Chrome/53.0.2785.116 Safari/537.36",,74.102.88.232,-74.04679871,40.72090149,United States,Jersey City,NJ,7302,2034,Cohort 27,50323,K231,,,,3,4,5,,,,,,,,,Self-contained,,,,Special Education - D75,2/14/2017,Developing+,Developing+,Developing+,She does a nice job using various instructional groups,Developing+,Developing+,Developing+,"She has a very friendly classroom environment, but continues to work on addressing inappropriate behavior",Developing+,Effective,Effective,She asks great scaffolding questions and individualizes assessments appropriately,Effective+,She is very reflective in her practice,Above Average,
86,3/17/2017 10:56,3/17/2017 11:04,Complete,,,,English,https://www.surveygizmo.com/s3/3337097/FDI-2016-17-HC-SPED-R3,https://www.surveygizmo.com/s3/3337097/FDI-2016-17-HC-SPED-R3,1489762578_58cbf9125f7322.47410961,"Mozilla/5.0 (Macintosh; Intel Mac OS X 10_12_3) AppleWebKit/537.36 (KHTML, like Gecko) Chrome/56.0.2","Mozilla/5.0 (Macintosh; Intel Mac OS X 10_12_3) AppleWebKit/537.36 (KHTML, like Gecko) Chrome/56.0.2924.87 Safari/537.36",,108.54.122.85,-73.95480347,40.77619934,United States,New York,NY,10028,1940,Cohort 27,50679,M138,,1,2,,,,,,,,,,,,,,D75,,Special Education - D75,3/15/2017,Developing+,Effective,Effective,"Lesson plan used is gives much information.  It includes groupings, objectives connection to Standards and IEP goals.  It is written in specifics which make it easy for any staff (Para, Substitute)  to follow the plan.The strategies during the part of the lesson was for students to sit in a line  and watch him diring the read aloud.  He stopped several times during his reading to ask comprehension questions and to redirect behavior of student talking or walking around.  Students were able to answer questions such as ""Who is telling this story? , What was the wold looking for as he went from house to house?  When the story was finished students were asked to verbally tell him what were some of the same concepts in this story as the classic story of the 3 Little Pigs.  Several times during his read aloud the students becale restless and needed to walk round however they were still listening to his reading and were able to answer correctly when questions were asked.",Developing+,Effective,Developing+,"There are several routines and systems in place however students get restless.  Students need to walk around but listen to his directions when asked to return to seat.  It is my suggestion that there needs to be more interactive activities during a read aloud.  If the text was placed on the smartboard, student could have an easier time following along.  There can be visuals used in the classroom to help students remember the class rules.  There can be a behavior chart on the board with the use of reminders of how they need to earn their stars, checks or points.",Developing+,Effective,Developing+,The lesson plan did not state any specific assessment done during the lesson.  There was questioning during the reading but no data collection was evident.,Effective,Noah has been able to grasp several of the skill needed to teach a 12:1:1 students.  He has established classroom routines and systems .  He also has been able to work with his para's to make his students more independent during independent work.  His behavioral routines are still in need of a more specific program that will motivate students to follow his rules.  When reminders are given the students react well and listen to his directions but students need reminding several times during his lesson.  Overal his teaching is improving with each observation I conduct.,Average,
87,3/17/2017 11:04,3/17/2017 11:06,Complete,,,,English,https://www.surveygizmo.com/s3/3337097/FDI-2016-17-HC-SPED-R3,https://www.surveygizmo.com/s3/3337097/FDI-2016-17-HC-SPED-R3,1489763063_58cbfaf766e7e0.83683322,"Mozilla/5.0 (Macintosh; Intel Mac OS X 10_12_3) AppleWebKit/537.36 (KHTML, like Gecko) Chrome/56.0.2","Mozilla/5.0 (Macintosh; Intel Mac OS X 10_12_3) AppleWebKit/537.36 (KHTML, like Gecko) Chrome/56.0.2924.87 Safari/537.36",,108.54.122.85,-73.95480347,40.77619934,United States,New York,NY,10028,1940,Cohort 27,50861,M138,,1,2,,,,,,,,,,,,,,D75,,Special Education - D75,3/15/2017,Developing+,Effective,Developing+,,Developing+,Developing+,Effective,,Developing+,Effective,Developing+,,Effective,,Average,
88,3/17/2017 20:35,3/17/2017 20:41,Complete,,,,English,https://www.surveygizmo.com/s3/3337097/FDI-2016-17-HC-SPED-R3,https://www.surveygizmo.com/s3/3337097/FDI-2016-17-HC-SPED-R3,1489797293_58cc80adbfb682.78925700,"Mozilla/5.0 (Windows NT 10.0; Win64; x64) AppleWebKit/537.36 (KHTML, like Gecko) Chrome/51.0.2704.79","Mozilla/5.0 (Windows NT 10.0; Win64; x64) AppleWebKit/537.36 (KHTML, like Gecko) Chrome/51.0.2704.79 Safari/537.36 Edge/14.14393",,100.12.137.125,-74.10639954,40.67050171,United States,Bayonne,NJ,7002,1917,Cohort 27,50838,K771,,,2,3,,,,,,,,,,,,,D75,,Special Education - D75,3/17/2017,Effective,Effective+,Effective,,Effective,Effective,Effective,,Developing+,Effective,Effective,,Effective,,Average,
89,3/17/2017 23:00,3/17/2017 23:08,Complete,,,,English,https://www.surveygizmo.com/s3/3337097/FDI-2016-17-HC-SPED-R3,https://www.surveygizmo.com/s3/3337097/FDI-2016-17-HC-SPED-R3,1489806028_58cca2cc69c473.28334948,"Mozilla/5.0 (Macintosh; Intel Mac OS X 10_10_5) AppleWebKit/602.4.8 (KHTML, like Gecko) Version/10.0","Mozilla/5.0 (Macintosh; Intel Mac OS X 10_10_5) AppleWebKit/602.4.8 (KHTML, like Gecko) Version/10.0.3 Safari/602.4.8",,71.183.0.71,-73.9885025,40.7317009,United States,New York,NY,10003,1838,Cohort 27,50870,X29,,,,,,,,7,,,,,,,Self-contained,,,,Special Education,03/01/0017,Developing+,Developing+,Developing+,Lesson plan is coherent and logical including time expectations and differentiation,Developing+,Developing+,Developing+,Tamieka enforces a consistent behavior modification plan in addition to following established routines,Developing+,Developing+,Developing+,Tamieka is creative in her approach to teaching and is cognizant of the importance os both self and classroom assessment.,Developing+,Tamieka is open to supervision and is a vital member of the school community.,Above Average,
90,3/17/2017 23:08,3/17/2017 23:14,Complete,,,,English,https://www.surveygizmo.com/s3/3337097/FDI-2016-17-HC-SPED-R3,https://www.surveygizmo.com/s3/3337097/FDI-2016-17-HC-SPED-R3,1489806513_58cca4b11456e1.36672504,"Mozilla/5.0 (Macintosh; Intel Mac OS X 10_10_5) AppleWebKit/602.4.8 (KHTML, like Gecko) Version/10.0","Mozilla/5.0 (Macintosh; Intel Mac OS X 10_10_5) AppleWebKit/602.4.8 (KHTML, like Gecko) Version/10.0.3 Safari/602.4.8",,71.183.0.71,-73.9885025,40.7317009,United States,New York,NY,10003,1838,Cohort 27,50713,X320,,,,,,,,,,9,,,,CTT/ICT,,,,,Special Education,02/14/0017,Developing+,Developing+,Developing+,"Jonathan plans coherent, logical lessons with time expectations and assessment.  He is working on planning more effectively for differentiation",Developing+,Developing+,Developing+,Jonathan is a positive role model and is empathetic and supportive of his students.  He is working on a consistent behavior modification program.,Developing+,Developing+,Developing+,Jonathan is creative in his approach to teaching and is working on providing enough time for proper assessment.,Developing+,Jonathan is opento Supervision and is a vital member of the school community.,Above Average,
91,3/21/2017 11:40,3/21/2017 11:40,Partial,,,,English,https://www.surveygizmo.com/s3/3337097/FDI-2016-17-HC-SPED-R3,https://www.surveygizmo.com/s3/3337097/FDI-2016-17-HC-SPED-R3,1490110849_58d14981ed37c2.43262217,Mozilla/5.0 (Windows NT 6.1; WOW64; rv:52.0) Gecko/20100101 Firefox/52.0,Mozilla/5.0 (Windows NT 6.1; WOW64; rv:52.0) Gecko/20100101 Firefox/52.0,,146.95.118.196,-74.0059967,40.71429825,United States,New York,NY,10065,,,,,,,,,,,,,,,,,,,,,,,,,,,,,,,,,,,,,,,,
92,3/21/2017 12:03,3/21/2017 12:03,Partial,,,,English,https://www.surveygizmo.com/s3/3337097/FDI-2016-17-HC-SPED-R3,https://www.surveygizmo.com/s3/3337097/FDI-2016-17-HC-SPED-R3,1490112200_58d14ec8c7a5a4.58961282,Mozilla/5.0 (Windows NT 6.1; rv:52.0) Gecko/20100101 Firefox/52.0,Mozilla/5.0 (Windows NT 6.1; rv:52.0) Gecko/20100101 Firefox/52.0,,148.84.102.126,-73.90229797,40.86899948,United States,Bronx,NY,10468,,,,,,,,,,,,,,,,,,,,,,,,,,,,,,,,,,,,,,,,
93,3/21/2017 13:05,3/21/2017 13:12,Complete,,,,English,https://www.surveygizmo.com/s3/3337097/FDI-2016-17-HC-SPED-R3,https://www.surveygizmo.com/s3/3337097/FDI-2016-17-HC-SPED-R3,1490115913_58d15d49dcee40.96795485,"Mozilla/5.0 (Macintosh; Intel Mac OS X 10_7_5) AppleWebKit/537.78.2 (KHTML, like Gecko) Version/6.1.","Mozilla/5.0 (Macintosh; Intel Mac OS X 10_7_5) AppleWebKit/537.78.2 (KHTML, like Gecko) Version/6.1.6 Safari/537.78.2",,98.7.45.119,-74.0059967,40.71429825,United States,New York,NY,10075,408,Cohort 27,50416,M418,,,,,,,,,,9,10,11,12,CTT/ICT,,SETTS,,,Special Education,3/10/2017,Developing+,Developing+,Effective,,Effective,Effective,Effective,,Effective,Effective,Effective,,Effective,,Above Average,
94,3/21/2017 13:12,3/21/2017 13:17,Complete,,,,English,https://www.surveygizmo.com/s3/3337097/FDI-2016-17-HC-SPED-R3,https://www.surveygizmo.com/s3/3337097/FDI-2016-17-HC-SPED-R3,1490116358_58d15f06be1dd2.53550895,"Mozilla/5.0 (Macintosh; Intel Mac OS X 10_7_5) AppleWebKit/537.78.2 (KHTML, like Gecko) Version/6.1.","Mozilla/5.0 (Macintosh; Intel Mac OS X 10_7_5) AppleWebKit/537.78.2 (KHTML, like Gecko) Version/6.1.6 Safari/537.78.2",,98.7.45.119,-74.0059967,40.71429825,United States,New York,NY,10075,408,Cohort 27,50258,M316,,,,,,,,,,,10,11,12,CTT/ICT,,,,,Special Education,12/14/2016,Effective,Effective,Effective,,Effective,Effective,Effective,,Effective,Effective,Effective,,Effective,,Average,
95,3/21/2017 13:17,3/21/2017 13:23,Complete,,,,English,https://www.surveygizmo.com/s3/3337097/FDI-2016-17-HC-SPED-R3,https://www.surveygizmo.com/s3/3337097/FDI-2016-17-HC-SPED-R3,1490116662_58d160362bf182.24896701,"Mozilla/5.0 (Macintosh; Intel Mac OS X 10_7_5) AppleWebKit/537.78.2 (KHTML, like Gecko) Version/6.1.","Mozilla/5.0 (Macintosh; Intel Mac OS X 10_7_5) AppleWebKit/537.78.2 (KHTML, like Gecko) Version/6.1.6 Safari/537.78.2",,98.7.45.119,-74.0059967,40.71429825,United States,New York,NY,10075,408,Cohort 27,50153,M964,,,,,,,6,7,,,,,,CTT/ICT,,,,,Special Education,2/15/2017,Effective,Effective,Effective,,Effective,Effective,Effective,,Effective,Effective,Effective,,Effective,,Above Average,
96,3/21/2017 20:27,3/21/2017 20:33,Complete,,,,English,https://www.surveygizmo.com/s3/3337097/FDI-2016-17-HC-SPED-R3,https://www.surveygizmo.com/s3/3337097/FDI-2016-17-HC-SPED-R3,1490114315_58d1570b615791.27167651,Mozilla/5.0 (Macintosh; Intel Mac OS X 10.12; rv:51.0) Gecko/20100101 Firefox/51.0,Mozilla/5.0 (Macintosh; Intel Mac OS X 10.12; rv:51.0) Gecko/20100101 Firefox/51.0,,72.225.211.176,-73.95300293,40.81159973,United States,New York,NY,10027,2036,Cohort 27,50133,05M286,,,,,,,6,7,8,,,,,,Self-contained,,,,Special Education,3/17/2017,Effective,Developing+,Developing+,,Developing+,Developing+,Developing,,Developing+,Developing+,N/A,,N/A,,Average,
97,3/21/2017 22:15,3/21/2017 22:24,Complete,,,,English,https://www.surveygizmo.com/s3/3337097/FDI-2016-17-HC-SPED-R3,https://www.surveygizmo.com/s3/3337097/FDI-2016-17-HC-SPED-R3,1490142795_58d1c64b9154b9.11733690,Mozilla/5.0 (Macintosh; Intel Mac OS X 10.12; rv:51.0) Gecko/20100101 Firefox/51.0,Mozilla/5.0 (Macintosh; Intel Mac OS X 10.12; rv:51.0) Gecko/20100101 Firefox/51.0,,72.225.211.176,-73.95300293,40.81159973,United States,New York,NY,10027,2036,Cohort 27,50434,05M369,,,,,,,,,,9,10,11,12,,Self-contained,,,,Special Education,3/17/2017,Effective+,Effective,Effective,,Developing+,Effective,Effective,,Effective,Effective,N/A,,Effective+,,Above Average,
98,3/22/2017 3:23,3/22/2017 3:33,Complete,,,,English,https://www.surveygizmo.com/s3/3337097/FDI-2016-17-HC-SPED-R3,https://www.surveygizmo.com/s3/3337097/FDI-2016-17-HC-SPED-R3,1490167405_58d2266d282bc3.41358105,Mozilla/5.0 (Windows NT 10.0; WOW64; rv:52.0) Gecko/20100101 Firefox/52.0,Mozilla/5.0 (Windows NT 10.0; WOW64; rv:52.0) Gecko/20100101 Firefox/52.0,,24.190.25.20,-73.8125,41.02220154,United States,Hartsdale,NY,10530,1961,Cohort 27,50729,228,,,,,,,6,,,,,,,CTT/ICT,,,,,Special Education,3/18/2017,Effective+,Effective+,Effective+,,Effective+,Highly Effective,Effective+,,Effective+,Effective+,N/A,,Highly Effective,,Above Average,
99,3/22/2017 8:10,3/22/2017 8:12,Complete,,,,English,https://www.surveygizmo.com/s3/3337097/FDI-2016-17-HC-SPED-R3,https://www.surveygizmo.com/s3/3337097/FDI-2016-17-HC-SPED-R3,1490184633_58d269b92b2930.77488255,"Mozilla/5.0 (Windows NT 6.1) AppleWebKit/537.36 (KHTML, like Gecko) Chrome/56.0.2924.87 Safari/537.3","Mozilla/5.0 (Windows NT 6.1) AppleWebKit/537.36 (KHTML, like Gecko) Chrome/56.0.2924.87 Safari/537.36",,165.155.196.102,-73.89440155,40.67020035,United States,Brooklyn,NY,11207,2037,Cohort 27,51123,32k383,,,,,,,,7,,,,,,CTT/ICT,,,,,Special Education,3/20/2017,Highly Effective,Highly Effective,Highly Effective,,Highly Effective,Highly Effective,Highly Effective,,Highly Effective,Highly Effective,Highly Effective,,Highly Effective,,Top 10%,
100,3/22/2017 8:12,3/22/2017 8:14,Complete,,,,English,https://www.surveygizmo.com/s3/3337097/FDI-2016-17-HC-SPED-R3,https://www.surveygizmo.com/s3/3337097/FDI-2016-17-HC-SPED-R3,1490184772_58d26a440a53e3.84810327,"Mozilla/5.0 (Windows NT 6.1) AppleWebKit/537.36 (KHTML, like Gecko) Chrome/56.0.2924.87 Safari/537.3","Mozilla/5.0 (Windows NT 6.1) AppleWebKit/537.36 (KHTML, like Gecko) Chrome/56.0.2924.87 Safari/537.36",,165.155.196.102,-73.89440155,40.67020035,United States,Brooklyn,NY,11207,2037,Cohort 27,50607,15k667,,,,,,,,,,9,10,,,CTT/ICT,,,,,Special Education,3/6/2017,Highly Effective,Effective+,Highly Effective,,Effective+,Effective+,Effective+,,Highly Effective,Highly Effective,Highly Effective,,Highly Effective,,Above Average,
101,3/22/2017 8:14,3/22/2017 8:16,Complete,,,,English,https://www.surveygizmo.com/s3/3337097/FDI-2016-17-HC-SPED-R3,https://www.surveygizmo.com/s3/3337097/FDI-2016-17-HC-SPED-R3,1490184891_58d26abb2fdbe3.64398421,"Mozilla/5.0 (Windows NT 6.1) AppleWebKit/537.36 (KHTML, like Gecko) Chrome/56.0.2924.87 Safari/537.3","Mozilla/5.0 (Windows NT 6.1) AppleWebKit/537.36 (KHTML, like Gecko) Chrome/56.0.2924.87 Safari/537.36",,165.155.196.102,-73.89440155,40.67020035,United States,Brooklyn,NY,11207,2037,Cohort 27,50439,19k639,,,,,,,,,,,10,11,,CTT/ICT,,,,,Special Education,3/17/2017,Highly Effective,Effective+,Highly Effective,,Effective+,Effective+,Effective+,,Effective+,Effective,Effective+,,Effective+,,Above Average,
102,3/22/2017 17:25,3/22/2017 17:29,Complete,,,,English,https://www.surveygizmo.com/s3/3337097/FDI-2016-17-HC-SPED-R3,https://www.surveygizmo.com/s3/3337097/FDI-2016-17-HC-SPED-R3,1490217920_58d2ebc08b6a67.70168329,Mozilla/5.0 (Macintosh; Intel Mac OS X 10.12; rv:51.0) Gecko/20100101 Firefox/51.0,Mozilla/5.0 (Macintosh; Intel Mac OS X 10.12; rv:51.0) Gecko/20100101 Firefox/51.0,,108.176.22.178,-74.0059967,40.71429825,United States,New York,NY,10118,2036,Cohort 27,50449,05M367,,,,,,,,,,9,10,11,12,,,SETTS,,,Special Education,3/17/2017,Effective,Effective,Effective+,,Effective+,Effective+,Effective+,,Effective+,Effective+,N/A,,Effective+,,Above Average,
103,3/22/2017 21:57,3/22/2017 22:13,Complete,,,,English,https://outlook.live.com/,https://outlook.live.com/,1490234238_58d32b7e471792.25357668,Mozilla/5.0 (Macintosh; Intel Mac OS X 10.10; rv:52.0) Gecko/20100101 Firefox/52.0,Mozilla/5.0 (Macintosh; Intel Mac OS X 10.10; rv:52.0) Gecko/20100101 Firefox/52.0,,67.87.4.69,-74.36309814,40.9117012,United States,Montville,NJ,7045,2077,Cohort 27,50240,M260,,,,,,,,,,9,,,,CTT/ICT,,,,,Special Education,2/27/2017,Effective,Effective,Developing+,Finding her voice - she isn't yet given much leeway to create her own plans. She can adapt from a plan but is learning still to work with her coteachers to be given opportunties.,Effective,Effective+,Effective+,There is a well established expectation for behavior in the classroom and this studnet upholds the standard.,Effective,Effective,Effective,"Students are engaged, plans include assessment within the lesson and at the culmination.",Effective,Teacher candidate is looking for ways to improve her practice and her interactions with her co-teachers.,Above Average,
104,3/23/2017 20:35,3/23/2017 20:38,Complete,,,,English,https://www.surveygizmo.com/s3/3337097/FDI-2016-17-HC-SPED-R3,https://www.surveygizmo.com/s3/3337097/FDI-2016-17-HC-SPED-R3,1490218303_58d2ed3fc5ea51.31005235,Mozilla/5.0 (Macintosh; Intel Mac OS X 10.12; rv:51.0) Gecko/20100101 Firefox/51.0,Mozilla/5.0 (Macintosh; Intel Mac OS X 10.12; rv:51.0) Gecko/20100101 Firefox/51.0,,72.225.211.176,-73.95300293,40.81159973,United States,New York,NY,10027,2036,Cohort 27,50311,05M514,,,,,,,,,8,,,,,CTT/ICT,,SETTS,,,Special Education,3/17/2017,Developing+,Developing+,Developing+,,Effective,Effective,Effective,,Effective,Developing+,N/A,,N/A,,Average,
